Hidden,Algorithm,Iterations,Training Time,Train MSE,Test MSE,Noise
5,traingd,300,0.108525,0.45312809980651,0.483900418403124,1
5,trainlm,300,0.240964,0.287683891154584,0.348739666160655,1
5,traincgf,300,0.277776,0.371743430548872,0.419079867718608,1
5,trainbfg,300,0.280396,0.288460316557822,0.351356088599286,1
5,trainbr,300,0.125994,0.449971042745408,0.492972348603806,1
10,traingd,300,0.121209,0.466357526205274,0.50469813399571,1
10,trainlm,300,0.287199,0.167901943913962,0.255649053144158,1
10,traincgf,300,0.317886,0.364827739946144,0.426876623548676,1
10,trainbfg,300,0.350292,0.291979620809882,0.351808098752017,1
10,trainbr,300,0.317909,0.191466546517611,0.265841990523433,1
15,traingd,300,0.13246,0.453572858702773,0.514508426224378,1
15,trainlm,300,0.33233,0.181411229588949,0.224917019798414,1
15,traincgf,300,0.371624,0.321149425889014,0.402544564419219,1
15,trainbfg,300,0.49121,0.228041842106863,0.214941597488875,1
15,trainbr,300,0.382789,0.133161938592095,0.155729664430737,1
20,traingd,300,0.144273,0.442757153439941,0.429398366367174,1
20,trainlm,300,0.375726,0.0888981942391173,0.0756261965904603,1
20,traincgf,300,0.41726,0.254334268006401,0.321160927726375,1
20,trainbfg,300,0.635346,0.138451373372547,0.122166165456168,1
20,trainbr,300,0.442091,0.134613526634457,0.14941096908306,1
25,traingd,300,0.147651,0.549497333938693,0.600789017407701,1
25,trainlm,300,0.476537,0.012395788260673,0.00653049269707163,1
25,traincgf,300,0.476466,0.200074370839778,0.233400416672743,1
25,trainbfg,300,0.722381,0.0967420224177739,0.125561949403771,1
25,trainbr,300,0.533047,0.0411933387527654,0.0447438069540107,1
30,traingd,300,0.166515,0.489764472625614,0.435505339764126,1
30,trainlm,300,0.534506,0.0115301764191977,0.00747634587615033,1
30,traincgf,300,0.559891,0.129054223774629,0.177521465141446,1
30,trainbfg,300,0.815128,0.0754381995765096,0.105909722826991,1
30,trainbr,300,0.699667,0.0396514546418484,0.0142470055472385,1
35,traingd,300,0.199707,0.61782356714427,0.600996135491583,1
35,trainlm,300,0.678862,0.00776421914384789,0.00721510036680283,1
35,traincgf,300,0.705903,0.0865999106578434,0.0772027121323674,1
35,trainbfg,300,1.089817,0.0543988582867079,0.0830905065185616,1
35,trainbr,300,0.827445,0.00733339055521533,0.00608404921484399,1
40,traingd,300,0.20199,0.486315357194426,0.3567900443256,1
40,trainlm,300,0.643273,0.00859911264232346,0.00887892544558749,1
40,traincgf,300,0.743615,0.0513022751574883,0.0244039021524297,1
40,trainbfg,300,1.207882,0.0424699183512436,0.0464914655079627,1
40,trainbr,300,0.833554,0.00667808860651277,0.00550936474209756,1
45,traingd,300,0.226571,0.475838641930078,0.471693076916259,1
45,trainlm,300,0.763739,0.0113229948694219,0.00774984213997969,1
45,traincgf,300,0.777201,0.0285607707564284,0.026852852222551,1
45,trainbfg,300,1.545642,0.0289885557595743,0.0262352235733072,1
45,trainbr,300,1.039455,0.00731981132249524,0.00616925055674191,1
50,traingd,300,0.232747,0.647062624432712,0.564276608546773,1
50,trainlm,300,0.849737,0.0121786457575019,0.0114262915814165,1
50,traincgf,300,0.818332,0.00876056331515609,0.00874775067072532,1
50,trainbfg,300,1.673842,0.00899330334158234,0.00850647691997913,1
50,trainbr,300,1.28027,0.00832894037079602,0.00732616608241434,1
55,traingd,300,0.241007,0.493711165494598,0.541599246237711,1
55,trainlm,300,0.895233,0.0109602032733431,0.0109443793350057,1
55,traincgf,300,0.889173,0.010017791513249,0.00845269284393427,1
55,trainbfg,300,1.971306,0.00924644119514563,0.00814120592888814,1
55,trainbr,300,1.184791,0.010598763895297,0.00918081454090291,1
60,traingd,300,0.256271,0.598662169462581,0.667107316376537,1
60,trainlm,300,0.974807,0.0133917211619848,0.0115821476458536,1
60,traincgf,300,0.966236,0.00996042913798871,0.00926158904913294,1
60,trainbfg,300,2.200473,0.0112460624316121,0.0113691294344804,1
60,trainbr,300,1.36058,0.0111133571998739,0.00758554076394499,1
65,traingd,300,0.26013,0.390444238031788,0.447372876983412,1
65,trainlm,300,1.153079,0.0150091985624965,0.0152356486157792,1
65,traincgf,300,1.03211,0.0107918052942205,0.00839514355096876,1
65,trainbfg,300,2.323418,0.0119901960360439,0.0101628384689985,1
65,trainbr,300,1.464685,0.0131139200888349,0.0111737453276764,1
70,traingd,300,0.275349,0.653112245005613,0.929969591659442,1
70,trainlm,300,1.197832,0.0165148291166169,0.01580292355215,1
70,traincgf,300,1.114124,0.0119947976317305,0.0109521045059483,1
70,trainbfg,300,2.682762,0.0130381468936761,0.0144120891226635,1
70,trainbr,300,1.686105,0.0142658903507743,0.0112942533825389,1
75,traingd,300,0.287205,0.634760680331483,0.623799196179759,1
75,trainlm,300,1.461589,0.015997087892182,0.0145141950975021,1
75,traincgf,300,1.142365,0.0111812496935781,0.00893931145391563,1
75,trainbfg,300,2.850781,0.0129481988283627,0.0137227541551241,1
75,trainbr,300,1.744758,0.0155513639866217,0.0129000696496522,1
80,traingd,300,0.293317,0.578371775667932,0.617528124596149,1
80,trainlm,300,1.401998,0.0180998364980271,0.018376569529982,1
80,traincgf,300,1.197295,0.0121965734913422,0.0117285839803278,1
80,trainbfg,300,3.093783,0.0144556175556926,0.0158312065905862,1
80,trainbr,300,2.022173,0.0164702180533589,0.0157255845510959,1
85,traingd,300,0.308378,0.61352858324104,0.460414674230719,1
85,trainlm,300,1.467412,0.0196997456702916,0.0193921840530409,1
85,traincgf,300,1.212586,0.0120034907223219,0.00989131525092548,1
85,trainbfg,300,3.220781,0.0153151587766716,0.0164804597810695,1
85,trainbr,300,2.223811,0.0178187157626068,0.163640702629807,1
90,traingd,300,0.317157,0.598210549247139,0.576702605885102,1
90,trainlm,300,1.544311,0.020166482267753,0.017617746529856,1
90,traincgf,300,1.265333,0.0133266967198882,0.012712995071481,1
90,trainbfg,300,3.441649,0.017147497300851,0.015333786350242,1
90,trainbr,300,2.166939,0.0181204448603614,0.0161457803269961,1
95,traingd,300,0.333625,0.52274003773796,0.685002857774623,1
95,trainlm,300,1.795628,0.0240625166448142,0.0202199272636179,1
95,traincgf,300,1.356599,0.0146033802785185,0.0172070421248705,1
95,trainbfg,300,3.658266,0.016655657612953,0.0157163299638409,1
95,trainbr,300,2.318083,0.0203857677186353,0.0189834667890715,1
100,traingd,300,0.340427,0.414941936372682,0.406248106834885,1
100,trainlm,300,1.66596,0.0222796755660455,0.430660380891737,1
100,traincgf,300,1.424769,0.0135861654070181,0.0122507841356665,1
100,trainbfg,300,3.83359,0.0185189363722008,0.0194685822202234,1
100,trainbr,300,2.521836,0.0213760904613828,0.0195307480949987,1
