Hidden,Algorithm,Iterations,Training Time,Mean Squared Error,Noise
10,traingd,100,0.3654345,0.599554335672906,0
10,traingd,100,0.2957499,0.565625699604387,0
10,traingd,100,0.1483593,0.614407877463653,0
10,traingd,100,0.1134183,0.716579868888029,0
10,traingd,100,0.1005362,0.521184143955032,0
10,traingd,100,0.1411433,0.734088168389281,0
10,traingd,100,0.1086688,0.648795401757538,0
10,traingd,100,0.119158,0.659751039331696,0
10,traingd,100,0.0954919,0.573311800474528,0
10,traingd,100,0.1371942,0.694388732427774,0
10,traingd,100,0.0914541,0.683718850413912,0
10,traingd,100,0.0966422,0.628456840983368,0
10,traingd,100,0.1582355,0.595162057745628,0
10,traingd,100,0.1530261,0.522069974692072,0
10,traingd,100,0.129718,0.677063662690725,0
10,traingd,100,0.1071513,0.524859488891908,0
10,traingd,100,0.1022551,0.63865019687561,0
10,traingd,100,0.1145415,0.553250409997711,0
10,traingd,100,0.1372118,0.7459035982353,0
10,traingd,100,0.0977421,0.522128554084091,0
10,trainlm,100,0.2644685,0.420689625827679,0
10,trainlm,100,0.2051401,0.334754852426916,0
10,trainlm,100,0.2129209,0.260686942991216,0
10,trainlm,100,0.2228787,0.351130511868358,0
10,trainlm,100,0.2482682,0.286092900894205,0
10,trainlm,100,0.2495764,0.35071928858494,0
10,trainlm,100,0.2876259,0.370568503734571,0
10,trainlm,100,0.2699738,0.336426801635945,0
10,trainlm,100,0.5499532,0.42087944959464,0
10,trainlm,100,0.2459233,0.234505450144526,0
10,trainlm,100,0.4318446,0.314110958823525,0
10,trainlm,100,0.5687969,0.370275497921643,0
10,trainlm,100,0.4636558,0.27986619925146,0
10,trainlm,100,0.4700242,0.409833024727913,0
10,trainlm,100,0.5391241,0.337001304212673,0
10,trainlm,100,0.3332121,0.356742551513594,0
10,trainlm,100,0.3957172,0.270619755600516,0
10,trainlm,100,0.418548,0.356623775439127,0
10,trainlm,100,0.4053795,0.349591723816722,0
10,trainlm,100,0.4052919,0.345554251644621,0
10,traincgf,100,0.8951856,0.46915901936134,0
10,traincgf,100,0.6624071,0.46243302311981,0
10,traincgf,100,0.5573084,0.455229878844864,0
10,traincgf,100,0.3106224,0.490783807248342,0
10,traincgf,100,0.2978326,0.455793252387306,0
10,traincgf,100,0.2952754,0.460073759841403,0
10,traincgf,100,0.3407749,0.479423297671129,0
10,traincgf,100,0.3679014,0.48447537533217,0
10,traincgf,100,0.4068895,0.459240711722753,0
10,traincgf,100,0.433776,0.461297270541654,0
10,traincgf,100,0.3529402,0.460338301252881,0
10,traincgf,100,0.520934,0.458556017829974,0
10,traincgf,100,0.5688073,0.459610382141347,0
10,traincgf,100,0.4094398,0.479254187627069,0
10,traincgf,100,0.5160701,0.458114242154175,0
10,traincgf,100,0.482328,0.479549922055878,0
10,traincgf,100,0.3205599,0.479568038406933,0
10,traincgf,100,0.3120579,0.466742593181771,0
10,traincgf,100,0.3211488,0.45876986865169,0
10,traincgf,100,0.3104269,0.477966891706001,0
10,trainbfg,100,0.3141288,0.442930180544442,0
10,trainbfg,100,0.3961369,0.406804511594275,0
10,trainbfg,100,0.2656711,0.428556333138936,0
10,trainbfg,100,0.322309,0.411270075995647,0
10,trainbfg,100,0.3090158,0.460078192027541,0
10,trainbfg,100,0.3392013,0.454642802784328,0
10,trainbfg,100,0.3559491,0.455807250980836,0
10,trainbfg,100,0.3187266,0.423309868610454,0
10,trainbfg,100,0.2641632,0.429635304872796,0
10,trainbfg,100,0.328943,0.418811852994692,0
10,trainbfg,100,0.276685,0.461203444761375,0
10,trainbfg,100,0.2459769,0.474398078351849,0
10,trainbfg,100,0.3988324,0.41140792939317,0
10,trainbfg,100,0.4025692,0.420979300692945,0
10,trainbfg,100,0.3316294,0.455680769408527,0
10,trainbfg,100,0.2763985,0.468555003830479,0
10,trainbfg,100,0.2893206,0.4322539001973,0
10,trainbfg,100,0.2690434,0.415265118761364,0
10,trainbfg,100,0.3060611,0.396151243305225,0
10,trainbfg,100,0.3042812,0.463210462183979,0
10,trainbr,100,0.3269679,0.33525126597301,0
10,trainbr,100,0.3647407,0.450652874878705,0
10,trainbr,100,0.3488527,0.339107564244285,0
10,trainbr,100,0.2902777,0.344561518593619,0
10,trainbr,100,0.3166219,0.330473591761227,0
10,trainbr,100,0.3156928,0.332216779535604,0
10,trainbr,100,0.3827033,0.346569005074948,0
10,trainbr,100,0.3501141,0.381679896455442,0
10,trainbr,100,0.3280869,0.371617536552729,0
10,trainbr,100,0.3382985,0.360438080582565,0
10,trainbr,100,0.3515129,0.355611642792079,0
10,trainbr,100,0.344964,0.344974311277031,0
10,trainbr,100,0.2681362,0.370205940474278,0
10,trainbr,100,0.4144418,0.357808525708363,0
10,trainbr,100,0.3202563,0.380194661518832,0
10,trainbr,100,0.2705161,0.313254160570209,0
10,trainbr,100,0.2550945,0.37399241777941,0
10,trainbr,100,0.2654873,0.313055397019524,0
10,trainbr,100,0.3265659,0.376052292787146,0
10,trainbr,100,0.3407469,0.367529183076335,0
10,traingd,100,0.1206893,0.610566325001433,1
10,traingd,100,0.1245128,0.541636297932769,1
10,traingd,100,0.1318672,0.436443123288363,1
10,traingd,100,0.1598166,0.547250097784582,1
10,traingd,100,0.1497302,0.820376534676631,1
10,traingd,100,0.159777,0.627838215324806,1
10,traingd,100,0.141739,0.562064790911732,1
10,traingd,100,0.0932389,0.736062297207756,1
10,traingd,100,0.1040338,0.697283671046485,1
10,traingd,100,0.1352808,0.547406235888841,1
10,traingd,100,0.1054368,0.443444566508525,1
10,traingd,100,0.1468349,0.500174356961037,1
10,traingd,100,0.1212187,0.600880706883693,1
10,traingd,100,0.1198313,0.586417333298373,1
10,traingd,100,0.11896,0.644073129085379,1
10,traingd,100,0.1815803,0.616518404273358,1
10,traingd,100,0.1402429,0.437621215443954,1
10,traingd,100,0.1631969,0.663531387161773,1
10,traingd,100,0.1553123,0.602920702806935,1
10,traingd,100,0.0994524,0.738408557095334,1
10,trainlm,100,0.2538538,0.24291298936587,1
10,trainlm,100,0.4997374,0.210289225244253,1
10,trainlm,100,0.4777539,0.301971116978785,1
10,trainlm,100,0.2608694,0.201785399472427,1
10,trainlm,100,0.2357989,0.199022088880871,1
10,trainlm,100,0.3054291,0.239831737494577,1
10,trainlm,100,0.2818741,0.25246964545641,1
10,trainlm,100,0.2896457,0.233799386690626,1
10,trainlm,100,0.3356542,0.272302836886347,1
10,trainlm,100,0.2676792,0.197553348186833,1
10,trainlm,100,0.2320001,0.178902703190764,1
10,trainlm,100,0.2933002,0.200287868892128,1
10,trainlm,100,0.2831808,0.245197135667683,1
10,trainlm,100,0.2225991,0.300221425912131,1
10,trainlm,100,0.2646178,0.290212252590481,1
10,trainlm,100,0.2375898,0.25567023507862,1
10,trainlm,100,0.3736241,0.376088466657863,1
10,trainlm,100,0.3443518,0.312023637962773,1
10,trainlm,100,0.2644671,0.200517232444442,1
10,trainlm,100,0.3096348,0.27675641635357,1
10,traincgf,100,0.3401324,0.376413949347438,1
10,traincgf,100,0.4469101,0.387296970517485,1
10,traincgf,100,0.3580875,0.391961279705472,1
10,traincgf,100,0.4274021,0.37368558199663,1
10,traincgf,100,0.3201728,0.387388980711429,1
10,traincgf,100,0.4360837,0.383706879464799,1
10,traincgf,100,0.2717769,0.384502887285356,1
10,traincgf,100,0.2860208,0.385059071466832,1
10,traincgf,100,0.3273155,0.38691115345221,1
10,traincgf,100,0.324047,0.383975412526986,1
10,traincgf,100,0.5771694,0.38081453501088,1
10,traincgf,100,0.4242212,0.385794219293545,1
10,traincgf,100,0.7237211,0.384535376359772,1
10,traincgf,100,0.4928478,0.386547859200222,1
10,traincgf,100,0.4444799,0.389547107375177,1
10,traincgf,100,0.7708428,0.398630850253033,1
10,traincgf,100,0.4233218,0.381627945549684,1
10,traincgf,100,0.2947898,0.388475042825182,1
10,traincgf,100,0.452696,0.382502752294811,1
10,traincgf,100,0.2812087,0.371694247495263,1
10,trainbfg,100,0.3628601,0.323567263994306,1
10,trainbfg,100,0.5259667,0.377908912132688,1
10,trainbfg,100,0.639988,0.328797269509098,1
10,trainbfg,100,0.4117561,0.365746655348488,1
10,trainbfg,100,0.4034243,0.324261403627796,1
10,trainbfg,100,0.3679935,0.374690365933231,1
10,trainbfg,100,0.3300279,0.374331423430734,1
10,trainbfg,100,0.540893,0.332267684717067,1
10,trainbfg,100,0.4070625,0.372568716327986,1
10,trainbfg,100,0.6819932,0.368988015594395,1
10,trainbfg,100,0.779043,0.330115717648302,1
10,trainbfg,100,0.7361827,0.385791886123706,1
10,trainbfg,100,0.780874,0.334703048425535,1
10,trainbfg,100,0.9294153,0.331999576536282,1
10,trainbfg,100,0.6258483,0.379375211588195,1
10,trainbfg,100,0.8312833,0.359226074869608,1
10,trainbfg,100,0.5536388,0.376793653253574,1
10,trainbfg,100,0.7491067,0.37987366036361,1
10,trainbfg,100,0.602201,0.302542660997858,1
10,trainbfg,100,0.4691928,0.368077245406541,1
10,trainbr,100,0.7454891,0.251077262021906,1
10,trainbr,100,0.7505006,0.241214567698132,1
10,trainbr,100,0.6295216,0.274863019929551,1
10,trainbr,100,0.6384819,0.240544637328381,1
10,trainbr,100,0.8151747,0.2570976059525,1
10,trainbr,100,0.4961222,0.272830603586024,1
10,trainbr,100,0.4726432,0.269439153420976,1
10,trainbr,100,0.7326077,0.246531550663891,1
10,trainbr,100,0.4523975,0.242339683950652,1
10,trainbr,100,0.6146402,0.262613502034053,1
10,trainbr,100,0.6038905,0.444796890601223,1
10,trainbr,100,0.5596856,0.247518066330359,1
10,trainbr,100,0.3213852,0.254520480015868,1
10,trainbr,100,0.6461098,0.235693216072192,1
10,trainbr,100,0.5615566,0.241449544723936,1
10,trainbr,100,0.5915525,0.243875590365033,1
10,trainbr,100,0.5941447,0.241906033953633,1
10,trainbr,100,0.4655672,0.274208484048132,1
10,trainbr,100,0.5752507,0.252904241124075,1
10,trainbr,100,0.5589341,0.252282099886102,1
10,traingd,300,0.3566765,0.396880262185736,1
10,traingd,300,0.3219863,0.43679137908281,1
10,traingd,300,0.3723504,0.473065880963583,1
10,traingd,300,0.319974,0.475537454002849,1
10,traingd,300,0.3610558,0.403821256948416,1
10,traingd,300,0.3582638,0.383344934276749,1
10,traingd,300,0.3097218,0.4541853495096,1
10,traingd,300,0.4327726,0.443984696799906,1
10,traingd,300,0.3942168,0.432022180916033,1
10,traingd,300,0.4558762,0.454523299190107,1
10,traingd,300,0.5125498,0.502097996919819,1
10,traingd,300,0.9380702,0.42908483644291,1
10,traingd,300,0.8623593,0.484118717297626,1
10,traingd,300,0.4625671,0.40201244818105,1
10,traingd,300,0.6910039,0.530566419369601,1
10,traingd,300,0.7489729,0.472652531587604,1
10,traingd,300,0.6237756,0.463713288678076,1
10,traingd,300,0.7435331,0.421079789519248,1
10,traingd,300,0.8054962,0.430840973782983,1
10,traingd,300,1.0850343,0.502139119202055,1
10,trainlm,300,1.937542,0.109333695943417,1
10,trainlm,300,1.7817685,0.23211303175346,1
10,trainlm,300,2.0587925,0.207983516252942,1
10,trainlm,300,1.8881978,0.265953118454577,1
10,trainlm,300,1.7619823,0.153449948613961,1
10,trainlm,300,1.9346494,0.209283669511851,1
10,trainlm,300,1.7192005,0.161324508184914,1
10,trainlm,300,1.3917491,0.190938124274991,1
10,trainlm,300,1.2540607,0.209143450122698,1
10,trainlm,300,1.1596973,0.20933950404125,1
10,trainlm,300,1.4575501,0.275977736380554,1
10,trainlm,300,1.0264697,0.198067456679423,1
10,trainlm,300,0.7146133,0.17109423592763,1
10,trainlm,300,0.6201826,0.109330771799099,1
10,trainlm,300,0.8722086,0.109333701499361,1
10,trainlm,300,0.6680531,0.211319007256084,1
10,trainlm,300,0.6511862,0.217165117817436,1
10,trainlm,300,1.1580635,0.243713606148566,1
10,trainlm,300,1.6057741,0.1093347274686,1
10,trainlm,300,1.3813972,0.247923396643377,1
10,traincgf,300,1.7948957,0.352311687699506,1
10,traincgf,300,1.5723318,0.388347082325473,1
10,traincgf,300,1.7939939,0.373529509350788,1
10,traincgf,300,1.5230472,0.354197782923827,1
10,traincgf,300,1.6481876,0.352620302395484,1
10,traincgf,300,1.4236247,0.383909828024521,1
10,traincgf,300,1.6678458,0.309475565367909,1
10,traincgf,300,1.4975618,0.332108574260901,1
10,traincgf,300,1.4133996,0.30120947619315,1
10,traincgf,300,1.4806592,0.352591980037964,1
10,traincgf,300,1.4791214,0.352451622494993,1
10,traincgf,300,1.5019732,0.355572920919497,1
10,traincgf,300,1.6724825,0.343982544321555,1
10,traincgf,300,1.3687604,0.351153886812662,1
10,traincgf,300,1.037116,0.351369578710384,1
10,traincgf,300,1.4571493,0.360150404749371,1
10,traincgf,300,1.5066381,0.354836791917879,1
10,traincgf,300,1.3493475,0.30778491176014,1
10,traincgf,300,1.3192234,0.352081707182674,1
10,traincgf,300,0.2000548,0.39098853652336,1
10,trainbfg,300,1.5130709,0.267092700577492,1
10,trainbfg,300,1.3262116,0.210065496867614,1
10,trainbfg,300,1.6301055,0.143169899061015,1
10,trainbfg,300,2.0260776,0.253050694341399,1
10,trainbfg,300,1.8249016,0.212399065076022,1
10,trainbfg,300,2.0737523,0.238090535493667,1
10,trainbfg,300,1.9051852,0.259459854735454,1
10,trainbfg,300,1.4377798,0.265088086641822,1
10,trainbfg,300,2.0959018,0.272083532409071,1
10,trainbfg,300,2.2784891,0.209641850666761,1
10,trainbfg,300,1.3151087,0.27074917339826,1
10,trainbfg,300,1.6164074,0.223770244363245,1
10,trainbfg,300,1.3745011,0.273047237626344,1
10,trainbfg,300,1.3834957,0.247919317706508,1
10,trainbfg,300,1.4834883,0.272340130550377,1
10,trainbfg,300,1.2441567,0.271613986442975,1
10,trainbfg,300,1.473944,0.281676789225422,1
10,trainbfg,300,1.7122964,0.184310596959067,1
10,trainbfg,300,1.2353998,0.204943574202222,1
10,trainbfg,300,1.0610769,0.270567899573532,1
10,trainbr,300,1.3983775,0.132651022932496,1
10,trainbr,300,0.8140098,0.146510589561245,1
10,trainbr,300,1.6052564,0.134309850392404,1
10,trainbr,300,0.9770461,0.141464950893406,1
10,trainbr,300,1.1689025,0.188380190590088,1
10,trainbr,300,0.7291994,0.146510589667405,1
10,trainbr,300,0.6999218,0.138139361849369,1
10,trainbr,300,0.6534414,0.146510589526916,1
10,trainbr,300,0.9077164,0.208821834746796,1
10,trainbr,300,0.7857581,0.140818713681777,1
10,trainbr,300,0.6146912,0.25815557574231,1
10,trainbr,300,1.5484297,0.188374633405083,1
10,trainbr,300,1.5434652,0.139632757513311,1
10,trainbr,300,1.3156915,0.135240233758421,1
10,trainbr,300,2.1743392,0.188377386428105,1
10,trainbr,300,1.1718688,0.134309850476379,1
10,trainbr,300,2.1499888,0.131949317727997,1
10,trainbr,300,1.650363,0.132643193816227,1
10,trainbr,300,1.294393,0.138471688208269,1
10,trainbr,300,0.8030905,0.413616257468241,1
10,traingd,300,0.6323617,0.351048123747946,0
10,traingd,300,0.4558282,0.355054884900316,0
10,traingd,300,0.4399521,0.412635452773321,0
10,traingd,300,0.3728637,0.344421264328387,0
10,traingd,300,0.302516,0.517122066404939,0
10,traingd,300,0.5128508,0.425140386768641,0
10,traingd,300,0.3457691,0.3668477628783,0
10,traingd,300,0.3478229,0.409154646565898,0
10,traingd,300,0.4394339,0.472839215506097,0
10,traingd,300,0.3478043,0.447848414716001,0
10,traingd,300,0.370943,0.396754327016531,0
10,traingd,300,0.2790838,0.404039073868094,0
10,traingd,300,0.3492352,0.371747201315856,0
10,traingd,300,0.3727298,0.423244237279952,0
10,traingd,300,0.3083233,0.365447275176988,0
10,traingd,300,0.4583631,0.471689353524548,0
10,traingd,300,0.2739119,0.429883404279113,0
10,traingd,300,0.2969396,0.391181206967739,0
10,traingd,300,0.3434428,0.425130553917795,0
10,traingd,300,0.2989576,0.419990809200324,0
10,trainlm,300,0.7518513,0.143824005708963,0
10,trainlm,300,0.7285138,0.166865132045165,0
10,trainlm,300,0.760296,0.159233137955384,0
10,trainlm,300,0.768752,0.174686107598168,0
10,trainlm,300,0.7757996,0.154710248300638,0
10,trainlm,300,0.7618546,0.220187497025301,0
10,trainlm,300,0.7639797,0.206150187091517,0
10,trainlm,300,0.7442959,0.172878229842127,0
10,trainlm,300,0.7350681,0.144966933958864,0
10,trainlm,300,0.6272645,0.16106215392296,0
10,trainlm,300,0.7085055,0.193107604391519,0
10,trainlm,300,0.6892277,0.182489292423061,0
10,trainlm,300,0.7204797,0.216329847868185,0
10,trainlm,300,0.5960157,0.165047151013081,0
10,trainlm,300,0.74818,0.15069273258082,0
10,trainlm,300,0.6440198,0.207183535081709,0
10,trainlm,300,0.623099,0.16165499115565,0
10,trainlm,300,0.7299396,0.150699167913572,0
10,trainlm,300,0.8712948,0.144304186549521,0
10,trainlm,300,0.6654078,0.167398209291176,0
10,traincgf,300,0.9451776,0.27938751383003,0
10,traincgf,300,0.8975499,0.266832202822737,0
10,traincgf,300,0.9519593,0.309283264141279,0
10,traincgf,300,0.9570823,0.312715590145057,0
10,traincgf,300,1.2158175,0.271095367933024,0
10,traincgf,300,0.7820805,0.274976873643363,0
10,traincgf,300,0.9776678,0.307497911057172,0
10,traincgf,300,1.0016619,0.313092628509524,0
10,traincgf,300,0.9682212,0.308211945625305,0
10,traincgf,300,0.8390893,0.256610323155318,0
10,traincgf,300,0.8479655,0.298295971006198,0
10,traincgf,300,0.8589032,0.277738219627674,0
10,traincgf,300,0.9066745,0.301277885722908,0
10,traincgf,300,0.6632594,0.391022649497331,0
10,traincgf,300,0.8578593,0.30694042606928,0
10,traincgf,300,0.9182688,0.30659777069918,0
10,traincgf,300,1.0071849,0.359885298039197,0
10,traincgf,300,0.8128999,0.281730893267278,0
10,traincgf,300,1.692674,0.312350993475353,0
10,traincgf,300,1.1312532,0.310761870515547,0
10,trainbfg,300,1.1628657,0.250757416764731,0
10,trainbfg,300,1.1055701,0.192070612852214,0
10,trainbfg,300,0.8104457,0.197776220707633,0
10,trainbfg,300,0.8587953,0.2656973676343,0
10,trainbfg,300,1.6568942,0.197085483162795,0
10,trainbfg,300,1.6053368,0.209349416906275,0
10,trainbfg,300,1.7248588,0.216153690940111,0
10,trainbfg,300,2.0431204,0.208704826209978,0
10,trainbfg,300,2.1954212,0.245004959260753,0
10,trainbfg,300,1.3432123,0.205932508072558,0
10,trainbfg,300,2.2073032,0.2221639449828,0
10,trainbfg,300,1.581922,0.213298451461305,0
10,trainbfg,300,1.5415445,0.209325277622546,0
10,trainbfg,300,2.0008998,0.228594606924618,0
10,trainbfg,300,1.4197359,0.204376913873798,0
10,trainbfg,300,1.5455471,0.268638110731155,0
10,trainbfg,300,1.3144046,0.211480717293855,0
10,trainbfg,300,1.5248015,0.203138187325164,0
10,trainbfg,300,1.3346963,0.203687731062365,0
10,trainbfg,300,1.1634544,0.206846223740882,0
10,trainbr,300,1.0260866,0.15544471044769,0
10,trainbr,300,1.315898,0.155263637962963,0
10,trainbr,300,1.2517584,0.123042749102061,0
10,trainbr,300,1.2320405,0.152504509766416,0
10,trainbr,300,1.1878565,0.122097618420588,0
10,trainbr,300,1.2552391,0.155300743968736,0
10,trainbr,300,1.2857659,0.15131934924702,0
10,trainbr,300,1.2659857,0.138472810897555,0
10,trainbr,300,1.2052659,0.152534418493358,0
10,trainbr,300,0.4785102,0.366707545439779,0
10,trainbr,300,1.2542399,0.136055647895855,0
10,trainbr,300,1.3278107,0.13620162548439,0
10,trainbr,300,1.1780275,0.152541012151974,0
10,trainbr,300,0.4081018,0.366730458592354,0
10,trainbr,300,1.4178803,0.138397060693733,0
10,trainbr,300,1.1315694,0.154088194281046,0
10,trainbr,300,1.3901288,0.154088342904292,0
10,trainbr,300,1.2254075,0.151642004393389,0
10,trainbr,300,1.2061895,0.127687575550789,0
10,trainbr,300,1.1957171,0.152217266456346,0
10,traingd,10,5.4624382,1.33956424471965,0
10,traingd,10,0.2169527,1.15297842315015,0
10,traingd,10,0.3026997,0.75254035152305,0
10,traingd,10,0.0728019,1.56831522883946,0
10,traingd,10,0.217871,0.917977049252054,0
10,traingd,10,0.0316047,1.07088186637207,0
10,traingd,10,0.0249763,0.94185835993529,0
10,traingd,10,0.027163,1.03983706269484,0
10,traingd,10,0.0260315,1.20220212946063,0
10,traingd,10,0.0299163,1.06174127791096,0
10,traingd,10,0.0239603,0.659795227955693,0
10,traingd,10,0.0270952,0.808314615314102,0
10,traingd,10,0.0245997,1.36200932047015,0
10,traingd,10,0.0360954,0.99432329352982,0
10,traingd,10,0.0633069,1.66218764715929,0
10,traingd,10,0.0237825,0.561962120793121,0
10,traingd,10,0.0358537,1.2492804341938,0
10,traingd,10,0.0319088,1.32524159124242,0
10,traingd,10,0.0286549,0.759829734952427,0
10,traingd,10,0.035582,1.5032546935742,0
10,trainlm,10,0.6840338,0.378852377023672,0
10,trainlm,10,0.0476726,0.395653384824969,0
10,trainlm,10,0.0440427,0.38948165851943,0
10,trainlm,10,0.0488902,0.39681799558151,0
10,trainlm,10,0.0564276,0.381330543000786,0
10,trainlm,10,0.0352821,0.360941246071142,0
10,trainlm,10,0.0529538,0.393048954717939,0
10,trainlm,10,0.0338702,0.355449915326536,0
10,trainlm,10,0.0377954,0.393859766987949,0
10,trainlm,10,0.0341985,0.383587970214634,0
10,trainlm,10,0.0375518,0.37737929609996,0
10,trainlm,10,0.0407676,0.395497420314562,0
10,trainlm,10,0.0349612,0.377586756500278,0
10,trainlm,10,0.0382134,0.390574869644358,0
10,trainlm,10,0.067363,0.385068076758924,0
10,trainlm,10,0.0533436,0.416454251696757,0
10,trainlm,10,0.0380401,0.36027520576167,0
10,trainlm,10,0.0455103,0.395782715923146,0
10,trainlm,10,0.057386,0.375862509143789,0
10,trainlm,10,0.0409714,0.407417515885794,0
10,traincgf,10,0.1965876,0.416568161025742,0
10,traincgf,10,0.082155,0.389320585420786,0
10,traincgf,10,0.0427077,0.403172071097911,0
10,traincgf,10,0.045061,0.426806604879577,0
10,traincgf,10,0.0960009,0.388411429543212,0
10,traincgf,10,0.0468716,0.397135618421357,0
10,traincgf,10,0.0527136,0.409188285207756,0
10,traincgf,10,0.0459282,0.392023594267624,0
10,traincgf,10,0.0403641,0.410585248972699,0
10,traincgf,10,0.0509816,0.411016116170841,0
10,traincgf,10,0.0366081,0.404155609846176,0
10,traincgf,10,0.04329,0.417122568113065,0
10,traincgf,10,0.0399833,0.395457879784127,0
10,traincgf,10,0.0400302,0.411485526681043,0
10,traincgf,10,0.0438503,0.399690974768089,0
10,traincgf,10,0.0383872,0.408461467816793,0
10,traincgf,10,0.0585516,0.421148247566024,0
10,traincgf,10,0.0391669,0.405594723647614,0
10,traincgf,10,0.0379922,0.396806451191866,0
10,traincgf,10,0.037158,0.41853028746495,0
10,trainbfg,10,0.1804386,0.3927182766873,0
10,trainbfg,10,0.060769,0.415507038641435,0
10,trainbfg,10,0.0677086,0.387448844346443,0
10,trainbfg,10,0.0528086,0.407745005503891,0
10,trainbfg,10,0.0682788,0.392190656007201,0
10,trainbfg,10,0.0421807,0.381100203041029,0
10,trainbfg,10,0.0397975,0.399723607560984,0
10,trainbfg,10,0.0485972,0.395036233081,0
10,trainbfg,10,0.0377545,0.394131556428423,0
10,trainbfg,10,0.0423322,0.392954939357259,0
10,trainbfg,10,0.0415507,0.389639794905578,0
10,trainbfg,10,0.0417969,0.395443690623107,0
10,trainbfg,10,0.0366244,0.392832157803675,0
10,trainbfg,10,0.0442592,0.416655534168703,0
10,trainbfg,10,0.0356271,0.391830064689852,0
10,trainbfg,10,0.0353664,0.399649450461515,0
10,trainbfg,10,0.0510012,0.393067960151865,0
10,trainbfg,10,0.0399615,0.391839964975632,0
10,trainbfg,10,0.0421506,0.394878784440396,0
10,trainbfg,10,0.0390661,0.431128239463944,0
10,trainbr,10,0.3371258,0.388037986559016,0
10,trainbr,10,0.0450605,0.40099727933561,0
10,trainbr,10,0.0867802,0.40181211014003,0
10,trainbr,10,0.0674511,0.391230965753177,0
10,trainbr,10,0.0863421,0.388610123229519,0
10,trainbr,10,0.044565,0.385042559485011,0
10,trainbr,10,0.042741,0.411205029816796,0
10,trainbr,10,0.0432402,0.402233974898548,0
10,trainbr,10,0.0394089,0.399152073997942,0
10,trainbr,10,0.0425169,0.402834684347115,0
10,trainbr,10,0.0388184,0.383902908588875,0
10,trainbr,10,0.0418782,0.381979250228644,0
10,trainbr,10,0.0481345,0.401334174535604,0
10,trainbr,10,0.0500346,0.376284079261991,0
10,trainbr,10,0.0485409,0.383688607554171,0
10,trainbr,10,0.0424623,0.373934732530663,0
10,trainbr,10,0.0410813,0.399299095585169,0
10,trainbr,10,0.0503883,0.396981249022886,0
10,trainbr,10,0.0404128,0.403039969285754,0
10,trainbr,10,0.0933932,0.384290525227717,0
10,traingd,10,0.0414719,1.64873207252444,1
10,traingd,10,0.0261454,2.07961616036508,1
10,traingd,10,0.0380177,2.32210543869538,1
10,traingd,10,0.0284555,1.25804871734485,1
10,traingd,10,0.0248306,2.21050463179113,1
10,traingd,10,0.0240282,2.11370868247071,1
10,traingd,10,0.0255509,1.05091553496282,1
10,traingd,10,0.0241312,0.813880613616834,1
10,traingd,10,0.0235289,1.16564043039131,1
10,traingd,10,0.0361009,1.66214333693743,1
10,traingd,10,0.0233019,0.882375560426339,1
10,traingd,10,0.0248162,1.21718089301515,1
10,traingd,10,0.0288583,1.67845169587212,1
10,traingd,10,0.0444726,1.26450957038481,1
10,traingd,10,0.0249048,1.3380547509514,1
10,traingd,10,0.0266427,1.46582590590224,1
10,traingd,10,0.0341291,1.97812403969912,1
10,traingd,10,0.0347639,2.02329217953297,1
10,traingd,10,0.0233712,1.82963254679667,1
10,traingd,10,0.0250621,1.05938874977276,1
10,trainlm,10,0.0375791,0.375371497009739,1
10,trainlm,10,0.0530419,0.387031192591234,1
10,trainlm,10,0.0359893,0.391298483291635,1
10,trainlm,10,0.0370527,0.389507440118731,1
10,trainlm,10,0.0416761,0.394557415719631,1
10,trainlm,10,0.0586941,0.394798194631563,1
10,trainlm,10,0.0555048,0.379246820973831,1
10,trainlm,10,0.0661822,0.443154995959942,1
10,trainlm,10,0.0388526,0.395240484611267,1
10,trainlm,10,0.0386478,0.396212625029163,1
10,trainlm,10,0.0326437,0.351083491650119,1
10,trainlm,10,0.0350676,0.394294561399553,1
10,trainlm,10,0.0405423,0.399740879204262,1
10,trainlm,10,0.0501254,0.364763902117486,1
10,trainlm,10,0.0353232,0.357957418394052,1
10,trainlm,10,0.035985,0.387865301551412,1
10,trainlm,10,0.0330553,0.450581330131697,1
10,trainlm,10,0.0335641,0.399502191095915,1
10,trainlm,10,0.0436412,0.363376551296418,1
10,trainlm,10,0.0357612,0.400917317232188,1
10,traincgf,10,0.0407341,0.436781580674586,1
10,traincgf,10,0.0414312,0.419892334222469,1
10,traincgf,10,0.0354739,0.414920379175709,1
10,traincgf,10,0.0652467,0.441818426233335,1
10,traincgf,10,0.0468257,0.402757346090411,1
10,traincgf,10,0.0401558,0.462965999114564,1
10,traincgf,10,0.0405929,0.428764080445036,1
10,traincgf,10,0.0562151,0.426623273088196,1
10,traincgf,10,0.0359902,0.421968098782229,1
10,traincgf,10,0.0560983,0.419092681082276,1
10,traincgf,10,0.0545656,0.415301620153227,1
10,traincgf,10,0.0368139,0.426162484062325,1
10,traincgf,10,0.0364077,0.408415535325721,1
10,traincgf,10,0.0357271,0.423144303098473,1
10,traincgf,10,0.0573933,0.431521521910491,1
10,traincgf,10,0.0582581,0.412152393413794,1
10,traincgf,10,0.0339098,0.427718593907583,1
10,traincgf,10,0.0488242,0.398704323384404,1
10,traincgf,10,0.0373338,0.424180274427315,1
10,traincgf,10,0.0354844,0.439318711063653,1
10,trainbfg,10,0.0566346,0.406510051349059,1
10,trainbfg,10,0.0361468,0.396093322422468,1
10,trainbfg,10,0.0376092,0.410939242130628,1
10,trainbfg,10,0.0358981,0.402337446023416,1
10,trainbfg,10,0.0463017,0.396534598250694,1
10,trainbfg,10,0.055981,0.406949673515276,1
10,trainbfg,10,0.0808968,0.429005367442896,1
10,trainbfg,10,0.0450547,0.433036918204599,1
10,trainbfg,10,0.0473093,0.400595725985299,1
10,trainbfg,10,0.0439402,0.423960248599304,1
10,trainbfg,10,0.0409572,0.419373289993927,1
10,trainbfg,10,0.0619844,0.405255912139217,1
10,trainbfg,10,0.0581189,0.392818205102151,1
10,trainbfg,10,0.0380745,0.416272122818896,1
10,trainbfg,10,0.0368991,0.413084009226225,1
10,trainbfg,10,0.0441212,0.405766608366847,1
10,trainbfg,10,0.0361718,0.402881683754554,1
10,trainbfg,10,0.0384222,0.43089708193027,1
10,trainbfg,10,0.0427534,0.397527196807183,1
10,trainbfg,10,0.0351553,0.398277126978087,1
10,trainbr,10,0.0389246,0.385199627333104,1
10,trainbr,10,0.0744051,0.426689404607751,1
10,trainbr,10,0.0412403,0.414504069888163,1
10,trainbr,10,0.0392884,0.397211546828984,1
10,trainbr,10,0.0455199,0.4073835465062,1
10,trainbr,10,0.0411462,0.385933267630152,1
10,trainbr,10,0.0583907,0.40390335124871,1
10,trainbr,10,0.0388178,0.442037452872674,1
10,trainbr,10,0.0379852,0.386825212977002,1
10,trainbr,10,0.0379871,0.40778440820725,1
10,trainbr,10,0.0435644,0.405394946600973,1
10,trainbr,10,0.0504813,0.423841859683793,1
10,trainbr,10,0.0376807,0.403883902788489,1
10,trainbr,10,0.0417149,0.4157190403877,1
10,trainbr,10,0.0387248,0.4165406101583,1
10,trainbr,10,0.0371334,0.429973733203692,1
10,trainbr,10,0.0432928,0.401404336497939,1
10,trainbr,10,0.0394781,0.385273964250329,1
10,trainbr,10,0.0366434,0.437832672022919,1
10,trainbr,10,0.0427153,0.400535084703944,1
50,traingd,10,0.0409462,3.32681967604134,1
50,traingd,10,0.0504409,4.0669620502239,1
50,traingd,10,0.0446922,2.80660722651449,1
50,traingd,10,0.0407868,3.25195929889092,1
50,traingd,10,0.0479035,1.69192607512717,1
50,traingd,10,0.0283281,5.13940123404358,1
50,traingd,10,0.0269996,2.00823279691712,1
50,traingd,10,0.0290207,4.32803509468148,1
50,traingd,10,0.0275956,2.6338544278584,1
50,traingd,10,0.0314421,3.43136047686349,1
50,traingd,10,0.0415173,3.78822636315527,1
50,traingd,10,0.031537,3.37990119772498,1
50,traingd,10,0.027953,3.328151089897,1
50,traingd,10,0.0277112,5.59143407023528,1
50,traingd,10,0.029527,1.8064218774844,1
50,traingd,10,0.026634,2.09769997105663,1
50,traingd,10,0.0277084,2.14521621205097,1
50,traingd,10,0.0269036,3.71120120140618,1
50,traingd,10,0.0298474,2.59411627148956,1
50,traingd,10,0.0358297,1.99600982791039,1
50,trainlm,10,0.1504844,0.00968876444156494,1
50,trainlm,10,0.0882135,0.0514580923464601,1
50,trainlm,10,0.0675712,0.0139572101238241,1
50,trainlm,10,0.0660935,0.00907145729259157,1
50,trainlm,10,0.0593826,0.087722883388791,1
50,trainlm,10,0.0723738,0.0094174356269437,1
50,trainlm,10,0.063999,0.0303169910406419,1
50,trainlm,10,0.0672141,0.0396677683847711,1
50,trainlm,10,0.1014431,0.0139713968045391,1
50,trainlm,10,0.0810677,0.0119588998622699,1
50,trainlm,10,0.0708753,0.0141437227308558,1
50,trainlm,10,0.0850512,0.00944553097897248,1
50,trainlm,10,0.0836587,0.014114805096628,1
50,trainlm,10,0.1063781,0.0384386737122654,1
50,trainlm,10,0.0699136,0.0138371152083744,1
50,trainlm,10,0.1691832,0.0141778209558543,1
50,trainlm,10,0.0664399,0.0522040174125235,1
50,trainlm,10,0.1214013,0.0139736085291135,1
50,trainlm,10,0.0710167,0.0142196541987164,1
50,trainlm,10,0.1015771,0.0406300989854639,1
50,traincgf,10,0.0485146,0.527781279742383,1
50,traincgf,10,0.0829444,0.478459025350802,1
50,traincgf,10,0.0526841,0.56566467402981,1
50,traincgf,10,0.0506411,0.521900288160207,1
50,traincgf,10,0.0600485,0.295826328039198,1
50,traincgf,10,0.052437,0.590238406599949,1
50,traincgf,10,0.0490308,0.411746157378455,1
50,traincgf,10,0.0527642,0.45198008283184,1
50,traincgf,10,0.064379,0.624087738023862,1
50,traincgf,10,0.0568573,0.480118441936827,1
50,traincgf,10,0.0711542,0.491943613730155,1
50,traincgf,10,0.0577073,0.275110524087945,1
50,traincgf,10,0.0677308,0.382652001568261,1
50,traincgf,10,0.0754058,0.552501898052971,1
50,traincgf,10,0.0559907,0.275698469953562,1
50,traincgf,10,0.0749543,0.49291212200267,1
50,traincgf,10,0.0631966,0.812167245851053,1
50,traincgf,10,0.0535373,0.418577538017106,1
50,traincgf,10,0.054966,0.350321855581911,1
50,traincgf,10,0.0557229,0.371670650828867,1
50,trainbfg,10,0.1065402,0.322677078942307,1
50,trainbfg,10,0.0984089,0.290993782009155,1
50,trainbfg,10,0.1131871,0.225184296069054,1
50,trainbfg,10,0.0839494,0.279038908342184,1
50,trainbfg,10,0.0843745,0.215106629499728,1
50,trainbfg,10,0.0847693,0.305157451564151,1
50,trainbfg,10,0.1800463,0.238342321961753,1
50,trainbfg,10,0.1030586,0.286095696042867,1
50,trainbfg,10,0.0940906,0.400975858212131,1
50,trainbfg,10,0.0897123,0.159604307376439,1
50,trainbfg,10,0.0988728,0.313091211570007,1
50,trainbfg,10,0.0787007,0.258790186220494,1
50,trainbfg,10,0.1030807,0.260452938068437,1
50,trainbfg,10,0.0786418,0.212238842512627,1
50,trainbfg,10,0.1177684,0.227237507498238,1
50,trainbfg,10,0.1147267,0.264309212025077,1
50,trainbfg,10,0.1363327,0.256565538049123,1
50,trainbfg,10,0.084059,0.177678262180959,1
50,trainbfg,10,0.1116298,0.361206325704554,1
50,trainbfg,10,0.1223743,0.256718930054688,1
50,trainbr,10,0.0852502,0.00912567599351553,1
50,trainbr,10,0.0795223,0.00847480065142253,1
50,trainbr,10,0.1229076,0.00892039123213364,1
50,trainbr,10,0.0805081,0.0136296353705382,1
50,trainbr,10,0.079765,0.0508519726572355,1
50,trainbr,10,0.0821147,0.00930718639475861,1
50,trainbr,10,0.1619987,0.0739189685553029,1
50,trainbr,10,0.0824263,0.00899390601202282,1
50,trainbr,10,0.1125763,0.0093249734414335,1
50,trainbr,10,0.1333305,0.00891896039971634,1
50,trainbr,10,0.0927038,0.00902472778423887,1
50,trainbr,10,0.1288222,0.0755548070359536,1
50,trainbr,10,0.1030872,0.00992467627096253,1
50,trainbr,10,0.0807667,0.0385654855533733,1
50,trainbr,10,0.0932001,0.00937842721125027,1
50,trainbr,10,0.0763503,0.00916121585096347,1
50,trainbr,10,0.1181645,0.0403295002752672,1
50,trainbr,10,0.0749597,0.0372924550030178,1
50,trainbr,10,0.1122407,0.00915201620569643,1
50,trainbr,10,0.1035101,0.00922548212691185,1
