Hidden,Algorithm,Iterations,Training Time,Train MSE,Val MSE,Test MSE,Test MSE noise,Noise
5,traingd,200,0.096839,0.462335226808076,NaN,0.408442869122209,0.43837043403505,0
5,traingd,200,0.092164,0.457128606607243,NaN,0.424495270718455,0.455049874617913,0
5,traingd,200,0.094573,0.508246744858302,NaN,0.458863574853146,0.490466944994306,0
5,traingd,200,0.094729,0.469426422558717,NaN,0.413134829561094,0.443375736589073,0
5,traingd,200,0.093962,0.501599619584692,NaN,0.395498191448277,0.423849497011325,0
5,traingd,200,0.092956,0.465324702569687,NaN,0.401700179461789,0.430981367328047,0
5,traingd,200,0.091228,0.457961816595397,NaN,0.390925433653526,0.422102067805679,0
5,traingd,200,0.094347,0.519047737659404,NaN,0.505893541493681,0.535254708854459,0
5,traingd,200,0.093548,0.491471319004548,NaN,0.399995027157994,0.430512826534673,0
5,traingd,200,0.092623,0.510387426542119,NaN,0.488766134226559,0.519564349562199,0
5,traingdx,200,0.099104,0.420799482288004,NaN,0.36621778159897,0.395063546056229,0
5,traingdx,200,0.094873,0.420771840092165,NaN,0.368450256233303,0.397764418521921,0
5,traingdx,200,0.095217,0.421929726254796,NaN,0.369393560541771,0.398785824370168,0
5,traingdx,200,0.098361,0.421004382342492,NaN,0.366964693995621,0.39601093997007,0
5,traingdx,200,0.094871,0.421446407065188,NaN,0.367328988194839,0.396602316736899,0
5,traingdx,200,0.094709,0.422022326636966,NaN,0.368160216286442,0.397160667476558,0
5,traingdx,200,0.098428,0.421272134402987,NaN,0.36736438863724,0.396411666925007,0
5,traingdx,200,0.096343,0.421546650027187,NaN,0.36854525625515,0.397945025536277,0
5,traingdx,200,0.093796,0.424022499428743,NaN,0.37278094484234,0.402517374418144,0
5,traingdx,200,0.094467,0.430250706805489,NaN,0.377506003473653,0.406572800735522,0
5,trainlm,200,0.2161,0.286197962448491,NaN,0.273749300396022,0.293124861945719,0
5,trainlm,200,0.210903,0.286220641313514,NaN,0.273948019010578,0.293324061009013,0
5,trainlm,200,0.218616,0.286205190268646,NaN,0.273779357803511,0.293201634106203,0
5,trainlm,200,0.219209,0.28623189808607,NaN,0.273938708970351,0.293306328601989,0
5,trainlm,200,0.245043,0.300176267088431,NaN,0.249904438718781,0.277829415341994,0
5,trainlm,200,0.226356,0.300155535499478,NaN,0.249952853747826,0.277869986815271,0
5,trainlm,200,0.218856,0.300206747718871,NaN,0.249875112205529,0.277804374489624,0
5,trainlm,200,0.217657,0.323894027273947,NaN,0.281980326406539,0.302118891258877,0
5,trainlm,200,0.230081,0.28623780746359,NaN,0.273600037474578,0.292957008407349,0
5,trainlm,200,0.224059,0.286137595910351,NaN,0.273630560671466,0.293041001381102,0
5,traincgf,200,0.278474,0.380915820458711,NaN,0.323742870774116,0.345234544542602,0
5,traincgf,200,0.271468,0.362450516738891,NaN,0.310279032300532,0.326343651116302,0
5,traincgf,200,0.237851,0.366342034787227,NaN,0.307760301812865,0.327200746015169,0
5,traincgf,200,0.270937,0.37491367318032,NaN,0.313827613628609,0.333640988098341,0
5,traincgf,200,0.291512,0.371309317146368,NaN,0.310718518817262,0.32962093466174,0
5,traincgf,200,0.055137,0.431463504304166,NaN,0.378459592002957,0.405499043101135,0
5,traincgf,200,0.262539,0.371995803042042,NaN,0.312379129130929,0.331886794928876,0
5,traincgf,200,0.267236,0.37334766641535,NaN,0.314287268587083,0.33382949138011,0
5,traincgf,200,0.26769,0.357244347773801,NaN,0.305795989498651,0.324489942136791,0
5,traincgf,200,0.261926,0.354226693806035,NaN,0.30676407724856,0.325804254361156,0
5,trainbfg,200,0.260676,0.314402265797508,NaN,0.265870026581991,0.285688529162837,0
5,trainbfg,200,0.261153,0.302537308420608,NaN,0.252786867749932,0.280737197927672,0
5,trainbfg,200,0.256771,0.292595286380405,NaN,0.273212347499039,0.29090539099221,0
5,trainbfg,200,0.262262,0.324964757629896,NaN,0.281933297743876,0.30194310436069,0
5,trainbfg,200,0.255316,0.289836341163352,NaN,0.267594848594969,0.2854727002749,0
5,trainbfg,200,0.257439,0.313149088766562,NaN,0.265695657807362,0.285341003677592,0
5,trainbfg,200,0.250593,0.309735738568549,NaN,0.270503242841222,0.288726758262337,0
5,trainbfg,200,0.260023,0.29082269687861,NaN,0.268438297330847,0.28568973042882,0
5,trainbfg,200,0.265865,0.348471062947024,NaN,0.306046124645206,0.325045122519584,0
5,trainbfg,200,0.258888,0.342660673945733,NaN,0.294051614810659,0.314059627085028,0
5,trainbr,200,0.204316,0.294403245711178,NaN,0.251640378897072,0.277769130108025,0
5,trainbr,200,0.265056,0.278107703713067,NaN,0.247638858153482,0.270361783584633,0
5,trainbr,200,0.269841,0.273871266614715,NaN,0.238113762212939,0.263040695444463,0
5,trainbr,200,0.199142,0.27766222663622,NaN,0.251485902914719,0.273002197771481,0
5,trainbr,200,0.181986,0.277662224379634,NaN,0.251485934947981,0.273002241655666,0
5,trainbr,200,0.233147,0.294403220862904,NaN,0.251640265779326,0.27776928795305,0
5,trainbr,200,0.271322,0.273871152930465,NaN,0.23811808171515,0.263044926492956,0
5,trainbr,200,0.261405,0.289957128783863,NaN,0.257432929369378,0.283020838013027,0
5,trainbr,200,0.27065,0.278108232461023,NaN,0.247639810836206,0.270362561074761,0
5,trainbr,200,0.273906,0.278107845552812,NaN,0.24763910412372,0.270361986199238,0
15,traingd,200,0.141216,0.468010850600638,NaN,0.432244953352257,0.452125341391034,0
15,traingd,200,0.124514,0.606298507323436,NaN,0.60493838584646,0.619039181667404,0
15,traingd,200,0.120086,0.482176913988063,NaN,0.435409210420203,0.45491570034026,0
15,traingd,200,0.127697,0.505838879395663,NaN,0.500378829312864,0.52053775204111,0
15,traingd,200,0.123335,0.584637190198042,NaN,0.492338430027389,0.513784865520822,0
15,traingd,200,0.121264,0.425762084779282,NaN,0.393684534117667,0.416857010736902,0
15,traingd,200,0.127157,0.531616585671075,NaN,0.466661514607416,0.49971970443969,0
15,traingd,200,0.122581,0.57020360398522,NaN,0.428390914881679,0.460572298383006,0
15,traingd,200,0.123924,0.438555886085337,NaN,0.35615032768071,0.385629236705063,0
15,traingd,200,0.123847,0.533591498515901,NaN,0.491846922525187,0.522001103064826,0
15,traingdx,200,0.128063,0.372468871775818,NaN,0.323327025789415,0.341362633540139,0
15,traingdx,200,0.133115,0.367028059911968,NaN,0.315578148373506,0.334625387867737,0
15,traingdx,200,0.12251,0.358017783204554,NaN,0.308527187869392,0.329474751666336,0
15,traingdx,200,0.125727,0.343069735461705,NaN,0.293583897163513,0.31351179151572,0
15,traingdx,200,0.124735,0.36317684659543,NaN,0.311861935469188,0.331533905061542,0
15,traingdx,200,0.126322,0.350385171619836,NaN,0.296557175002508,0.317124970048313,0
15,traingdx,200,0.133178,0.369099749426837,NaN,0.319872801767948,0.339361891445508,0
15,traingdx,200,0.124732,0.369497896365658,NaN,0.321865934201309,0.339384874556976,0
15,traingdx,200,0.123974,0.368343054777486,NaN,0.314505476070568,0.333952873306833,0
15,traingdx,200,0.123445,0.364323359153404,NaN,0.311957178725337,0.331015359703927,0
15,trainlm,200,0.337163,0.172049290748987,NaN,0.185505765918116,0.205083729387735,0
15,trainlm,200,0.332187,0.137651717048001,NaN,0.121174186577358,0.135708071668465,0
15,trainlm,200,0.335174,0.155761287135196,NaN,0.147607883881537,0.175793943912545,0
15,trainlm,200,0.327425,0.17331014237916,NaN,0.0754796189389433,0.0846839242382976,0
15,trainlm,200,0.332382,0.165874851625484,NaN,0.107600885696076,0.126782028185889,0
15,trainlm,200,0.342279,0.222538328006005,NaN,0.185909302042831,0.193638085337615,0
15,trainlm,200,0.330733,0.117461379586467,NaN,0.120806322686666,0.135056566249199,0
15,trainlm,200,0.330144,0.174048445423166,NaN,0.128915660365898,0.142019435097749,0
15,trainlm,200,0.332079,0.186568979155729,NaN,0.166638709877918,0.191885076320233,0
15,trainlm,200,0.330944,0.197936954364633,NaN,0.178698559531016,0.187603614687531,0
15,traincgf,200,0.420157,0.312379091379016,NaN,0.27200655259994,0.290296435816698,0
15,traincgf,200,0.411864,0.326272025776458,NaN,0.277468807222022,0.30043241228592,0
15,traincgf,200,0.417463,0.331676310265973,NaN,0.306045523570222,0.320705038456939,0
15,traincgf,200,0.4102,0.347809705977716,NaN,0.317242535086646,0.327636720087443,0
15,traincgf,200,0.417823,0.313377288963747,NaN,0.261571605476971,0.282630085882046,0
15,traincgf,200,0.42026,0.32331584863047,NaN,0.270941677029649,0.294358007150796,0
15,traincgf,200,0.428711,0.325236906634346,NaN,0.280156432253152,0.30238540891333,0
15,traincgf,200,0.423646,0.321728939441864,NaN,0.276037195785979,0.297821372077919,0
15,traincgf,200,0.421296,0.311485917249599,NaN,0.258754049237423,0.284675982371092,0
15,traincgf,200,0.412662,0.326387451609158,NaN,0.278469163552853,0.300721252818049,0
15,trainbfg,200,0.469213,0.243841346084769,NaN,0.215616489248707,0.233463526393563,0
15,trainbfg,200,0.478846,0.228736162931738,NaN,0.184905918363358,0.191769168746567,0
15,trainbfg,200,0.491628,0.23754219446358,NaN,0.203625148349274,0.21798294489034,0
15,trainbfg,200,0.461266,0.242478947569476,NaN,0.192848664623879,0.204396934411165,0
15,trainbfg,200,0.470325,0.25895253503228,NaN,0.209919526075003,0.236272917035652,0
15,trainbfg,200,0.475033,0.21737327189421,NaN,0.204803371557048,0.215433921001175,0
15,trainbfg,200,0.464374,0.254966666461477,NaN,0.227070374198765,0.246212852858168,0
15,trainbfg,200,0.466406,0.24732950211316,NaN,0.220902304764455,0.235973722160548,0
15,trainbfg,200,0.471403,0.252225466289077,NaN,0.210467385567349,0.232228093507384,0
15,trainbfg,200,0.470622,0.236917094138099,NaN,0.192787942700292,0.220868517191889,0
15,trainbr,200,0.366742,0.144682171194371,NaN,0.122255911676825,0.134255327695511,0
15,trainbr,200,0.370544,0.161410168525353,NaN,0.178000471894178,0.196501930890358,0
15,trainbr,200,0.365079,0.118526618004709,NaN,0.112881860308238,0.126739331916485,0
15,trainbr,200,0.38036,0.130081798719078,NaN,0.1564751023831,0.183247066311726,0
15,trainbr,200,0.3992,0.105559856294552,NaN,0.131177931896181,0.14741845063754,0
15,trainbr,200,0.36582,0.153894511470373,NaN,0.16810803404217,0.196616598242247,0
15,trainbr,200,0.368386,0.150164961176493,NaN,0.167906141720981,0.189529662829926,0
15,trainbr,200,0.364497,0.101900233368982,NaN,0.109455780444914,0.128587878648859,0
15,trainbr,200,0.378263,0.125775967050476,NaN,0.11835635321292,0.131359960961027,0
15,trainbr,200,0.361614,0.134009030543606,NaN,0.122594371211733,0.136744238204501,0
25,traingd,200,0.153304,0.582091494963438,NaN,0.685414338781768,0.704404050593735,0
25,traingd,200,0.149172,0.609273338381098,NaN,0.449690203135932,0.487052444867039,0
25,traingd,200,0.149643,0.584844186464255,NaN,0.38650087486339,0.425416647368003,0
25,traingd,200,0.150235,0.622881797758796,NaN,0.615314828789201,0.643529546820372,0
25,traingd,200,0.148204,0.606159993241612,NaN,0.629717975342214,0.647671242044404,0
25,traingd,200,0.152617,0.52252592274308,NaN,0.507773948205635,0.523706813463862,0
25,traingd,200,0.150806,0.474393474250026,NaN,0.418056678326508,0.436112864131591,0
25,traingd,200,0.147695,0.508514526645761,NaN,0.35901487436682,0.388921215110079,0
25,traingd,200,0.151739,0.61641068097238,NaN,0.473543523477545,0.495681144467772,0
25,traingd,200,0.150011,0.488537876720915,NaN,0.501687811954581,0.5037039562775,0
25,traingdx,200,0.157254,0.262002567540496,NaN,0.216206540168949,0.241737458578777,0
25,traingdx,200,0.154028,0.248902420739529,NaN,0.215662029453907,0.237753272655161,0
25,traingdx,200,0.157985,0.251028353679127,NaN,0.222079356394545,0.249344098716308,0
25,traingdx,200,0.15235,0.246542853662649,NaN,0.210321606185712,0.235244311173498,0
25,traingdx,200,0.153189,0.246690613039551,NaN,0.220988552728578,0.240587680815582,0
25,traingdx,200,0.155561,0.244938881196052,NaN,0.226133441058329,0.243383831640693,0
25,traingdx,200,0.152467,0.250184360224853,NaN,0.217326907520887,0.242500518541341,0
25,traingdx,200,0.154598,0.244675275780031,NaN,0.207089512953131,0.229186001882403,0
25,traingdx,200,0.159714,0.248644696942916,NaN,0.216984487678406,0.238678074745356,0
25,traingdx,200,0.153479,0.246765863504954,NaN,0.208917044998674,0.232661510530244,0
25,trainlm,200,0.573127,0.0671755451456157,NaN,0.012889519836461,0.0201394113697124,0
25,trainlm,200,0.52288,0.0464766868315066,NaN,0.0685350948092089,0.0867654146790542,0
25,trainlm,200,0.561742,0.0906218600715299,NaN,0.0750696269884034,0.0918184979145985,0
25,trainlm,200,0.533337,0.0879307458531506,NaN,0.0621124963878185,0.0803761148589539,0
25,trainlm,200,0.62997,0.0791759758048109,NaN,0.0826631331599196,0.0970947085788661,0
25,trainlm,200,0.622674,0.0511656336094845,NaN,0.00945128131332048,0.0147038134867273,0
25,trainlm,200,0.566874,0.0368537908659861,NaN,0.0607110318962609,0.0825261907899541,0
25,trainlm,200,0.629073,0.035391908506504,NaN,0.0244014083648789,0.0331952085660773,0
25,trainlm,200,0.713273,0.0308507090213365,NaN,0.0262871315273334,0.0388156616329881,0
25,trainlm,200,0.655388,0.0419387952494225,NaN,0.0815837938840789,0.10186495767746,0
25,traincgf,200,0.614142,0.198322077576584,NaN,0.169775419565143,0.187609995384998,0
25,traincgf,200,0.621808,0.204110505843565,NaN,0.175517172896718,0.181852867656629,0
25,traincgf,200,0.638863,0.182765040206234,NaN,0.153889544375158,0.170749893471893,0
25,traincgf,200,0.586939,0.197095499893974,NaN,0.160796102526076,0.181467953957418,0
25,traincgf,200,0.688889,0.182422474827663,NaN,0.141134202671997,0.165977483620582,0
25,traincgf,200,0.616721,0.184487144400643,NaN,0.16210686515685,0.182158497283773,0
25,traincgf,200,0.654593,0.182936121130564,NaN,0.159383607679851,0.179639295139557,0
25,traincgf,200,0.592859,0.182026404637998,NaN,0.155501162210546,0.17633411361306,0
25,traincgf,200,0.59814,0.1833219562887,NaN,0.158585686573538,0.177412031825044,0
25,traincgf,200,0.588245,0.194594016241071,NaN,0.161641588684478,0.172153467697889,0
25,trainbfg,200,0.734252,0.153271580471865,NaN,0.146757692694551,0.160743218788997,0
25,trainbfg,200,0.694715,0.152246861606623,NaN,0.120032240934099,0.143912434646389,0
25,trainbfg,200,0.73467,0.134657466353223,NaN,0.122031571460176,0.135044107792923,0
25,trainbfg,200,0.662836,0.140481485202125,NaN,0.156399147593027,0.160512434269032,0
25,trainbfg,200,0.669241,0.178616398520604,NaN,0.145630761527243,0.167412953999216,0
25,trainbfg,200,0.6995,0.122594327294347,NaN,0.0893876856959401,0.117679946537834,0
25,trainbfg,200,0.685527,0.142947620886767,NaN,0.133049690467303,0.147600446511008,0
25,trainbfg,200,0.739178,0.113330710422435,NaN,0.110837330713655,0.132664909287588,0
25,trainbfg,200,0.672394,0.134001019579268,NaN,0.115530052783022,0.136063610872053,0
25,trainbfg,200,0.661504,0.139138673270827,NaN,0.119916826162088,0.151883581601733,0
25,trainbr,200,0.684639,0.0827720633648991,NaN,0.0600911835171126,0.0656127224631899,0
25,trainbr,200,0.849699,0.0786917221157307,NaN,0.0336741703679908,0.0455353852446529,0
25,trainbr,200,0.628791,0.0879027668741719,NaN,0.0284503682874662,0.0412606440125737,0
25,trainbr,200,0.672297,0.058976786203816,NaN,0.0202415892372785,0.0346842466584686,0
25,trainbr,200,0.668251,0.0835995818683363,NaN,0.0603691891255164,0.0676469646650074,0
25,trainbr,200,0.649208,0.0724243882324582,NaN,0.0565345712852572,0.0660597254348812,0
25,trainbr,200,0.630004,0.0600550599204557,NaN,0.0916400636070909,0.107139395792954,0
25,trainbr,200,0.676083,0.0655380481620437,NaN,0.0354196320237126,0.0447808722583215,0
25,trainbr,200,0.669169,0.0573203332876947,NaN,0.0227161125688166,0.0356252294332348,0
25,trainbr,200,1.025085,0.124648748102195,NaN,0.114739955574263,0.124899976658717,0
35,traingd,200,0.21869,0.530651597180626,NaN,0.487105361077651,0.518704004020914,0
35,traingd,200,0.231547,0.532279478982599,NaN,0.536366599235301,0.552618393055205,0
35,traingd,200,0.22082,0.50065745501077,NaN,0.518860549782499,0.551360935202279,0
35,traingd,200,0.281552,0.623460371731315,NaN,0.65079271961315,0.68080947983523,0
35,traingd,200,0.26263,0.625129936579696,NaN,0.623516978297533,0.643668220375218,0
35,traingd,200,0.25883,0.561010758650958,NaN,0.569332188386879,0.580648377935261,0
35,traingd,200,0.248402,0.668946824875111,NaN,0.562374019208033,0.611302421659625,0
35,traingd,200,0.237114,0.627076016752573,NaN,0.746466404330877,0.766502106630342,0
35,traingd,200,0.230742,0.493462119458334,NaN,0.467110575506515,0.489132350800698,0
35,traingd,200,0.241784,0.667597481371819,NaN,0.681592413307117,0.699014349528584,0
35,traingdx,200,0.230551,0.188098279917099,NaN,0.173555627575519,0.188746280538466,0
35,traingdx,200,0.226317,0.199252701263838,NaN,0.168805802969112,0.183348421833415,0
35,traingdx,200,0.269572,0.202477400671601,NaN,0.168107367116607,0.176871081872473,0
35,traingdx,200,0.262069,0.203094964671904,NaN,0.179515481738331,0.191449052616269,0
35,traingdx,200,0.252067,0.204418502441909,NaN,0.181717020663799,0.19690996146715,0
35,traingdx,200,0.238148,0.20586612584437,NaN,0.159953941714232,0.171824274316024,0
35,traingdx,200,0.305037,0.202844786938008,NaN,0.161078626471184,0.18064221189844,0
35,traingdx,200,0.252722,0.206189562388057,NaN,0.16652444870478,0.181787026150051,0
35,traingdx,200,0.235144,0.203702564367684,NaN,0.164284289287176,0.182106303419367,0
35,traingdx,200,0.257091,0.209644976381575,NaN,0.190396155823066,0.209219624160555,0
35,trainlm,200,1.130518,0.000355842198207177,NaN,0.000346937373036657,0.0107831275812852,0
35,trainlm,200,1.347373,6.13049233483305e-05,NaN,3.5391362136772e-05,0.0111274403446219,0
35,trainlm,200,1.019927,9.56663283503951e-05,NaN,8.78546171070072e-05,0.0108386141641713,0
35,trainlm,200,0.840162,5.48964130699251e-05,NaN,3.23548966335906e-05,0.0109638080533512,0
35,trainlm,200,0.773436,0.00409294616577748,NaN,0.00509711314062119,0.0192880827998993,0
35,trainlm,200,0.73514,3.94251652165055e-05,NaN,9.32816139637594e-06,0.0108480595134631,0
35,trainlm,200,0.73249,4.42230220728947e-05,NaN,2.48551773708962e-05,0.0109140782807613,0
35,trainlm,200,0.746828,5.4245257424356e-05,NaN,5.30079744259461e-05,0.0113298195910633,0
35,trainlm,200,0.762529,2.11689209914531e-05,NaN,1.5848823095197e-05,0.0109967543587109,0
35,trainlm,200,0.792241,2.34199376043464e-05,NaN,1.74113076722332e-05,0.0110043307651688,0
35,traincgf,200,0.907933,0.0911407671412581,NaN,0.08292858183745,0.0925174593498752,0
35,traincgf,200,0.98701,0.0956279788092592,NaN,0.0930914781160502,0.110144483351845,0
35,traincgf,200,0.9725,0.102690203554873,NaN,0.123714550444813,0.135701932540529,0
35,traincgf,200,0.964767,0.085674416418174,NaN,0.0821732171778412,0.100753640037091,0
35,traincgf,200,1.050215,0.083900227139216,NaN,0.0790389400009843,0.0931607479311596,0
35,traincgf,200,0.888271,0.0992989102853585,NaN,0.0808029231336452,0.101231997269563,0
35,traincgf,200,0.927866,0.098783871915715,NaN,0.0793827575945596,0.0961535473681522,0
35,traincgf,200,0.898986,0.0858514431023356,NaN,0.0787582634480193,0.0872900609883458,0
35,traincgf,200,0.885662,0.0842891139352389,NaN,0.0775728027131061,0.0923744678334491,0
35,traincgf,200,0.876626,0.0925545448930399,NaN,0.0823940928525827,0.102911857318407,0
35,trainbfg,200,1.08885,0.0674949864556591,NaN,0.0658356831968878,0.0756708538677799,0
35,trainbfg,200,1.056661,0.0628555420620948,NaN,0.0514658227257423,0.0667183110213292,0
35,trainbfg,200,1.019182,0.0666364249250097,NaN,0.0762127111028465,0.0898896716400173,0
35,trainbfg,200,1.099031,0.0794603449948414,NaN,0.0690950060630295,0.0821368449030109,0
35,trainbfg,200,1.059756,0.080179558059684,NaN,0.0806325376554057,0.100455482825493,0
35,trainbfg,200,1.066961,0.0807147335607854,NaN,0.0786134881325136,0.0977673340439997,0
35,trainbfg,200,1.064913,0.0626672334942474,NaN,0.0510593968435867,0.067088910047967,0
35,trainbfg,200,1.033934,0.0808811543239838,NaN,0.0833786408793125,0.103391887552379,0
35,trainbfg,200,1.081739,0.0811200716128928,NaN,0.0839576916251343,0.103545281981772,0
35,trainbfg,200,1.056589,0.0808317427928891,NaN,0.0709645270111393,0.0848826948606034,0
35,trainbr,200,0.806898,0.000180100086528672,NaN,0.000170601453409098,0.0113052916589653,0
35,trainbr,200,0.781974,0.000124006862944236,NaN,8.73441824907705e-05,0.0107256751539693,0
35,trainbr,200,0.931197,0.000198239126800533,NaN,0.000195728524126916,0.0113416591713962,0
35,trainbr,200,0.878451,0.0340286283194018,NaN,0.0683360976443005,0.0879071155022401,0
35,trainbr,200,0.872485,0.00610806973351256,NaN,0.00349165401321899,0.0149169385475449,0
35,trainbr,200,0.850261,0.0027717538998578,NaN,0.00319945267251969,0.0168491805045242,0
35,trainbr,200,0.864752,0.00216339858896333,NaN,0.00236788700544751,0.0141199909165441,0
35,trainbr,200,0.812464,0.0167775204421268,NaN,0.0225046593399746,0.03754061235959,0
35,trainbr,200,0.772002,0.000336452194612199,NaN,0.000375684563276048,0.0111253713209195,0
35,trainbr,200,0.866908,0.0268008404288345,NaN,0.0253144174898489,0.0387351336918768,0
45,traingd,200,0.253094,0.733886373773468,NaN,0.702003748879058,0.723842415070902,0
45,traingd,200,0.250292,0.5506021263993,NaN,0.521058589690506,0.518922630807023,0
45,traingd,200,0.249875,0.812842959038523,NaN,0.74219609904804,0.766932689861607,0
45,traingd,200,0.248368,0.658366492610561,NaN,0.840192478019403,0.833757992604198,0
45,traingd,200,0.254425,0.60259361367842,NaN,0.444395950689502,0.477345254017268,0
45,traingd,200,0.250122,0.672129812385225,NaN,0.868456270593266,0.897594911251999,0
45,traingd,200,0.250149,0.568699017451047,NaN,0.380394250445526,0.393126923101478,0
45,traingd,200,0.254472,0.595030806989805,NaN,0.564561192654373,0.583516604943437,0
45,traingd,200,0.250826,0.513572639566438,NaN,0.501913184647526,0.530246995775505,0
45,traingd,200,0.260424,0.529756102885128,NaN,0.534319540298108,0.56549731707386,0
45,traingdx,200,0.25346,0.115022381917438,NaN,0.135061719458858,0.156752572563815,0
45,traingdx,200,0.256916,0.158915988679183,NaN,0.147969864618405,0.165756807268054,0
45,traingdx,200,0.255371,0.148922143838721,NaN,0.114246851222896,0.136747848861167,0
45,traingdx,200,0.24911,0.150453182812653,NaN,0.156767547948923,0.183002440774035,0
45,traingdx,200,0.252803,0.116528138042075,NaN,0.107993295995713,0.127341303546382,0
45,traingdx,200,0.255089,0.128493464719942,NaN,0.12499265302611,0.153250596051695,0
45,traingdx,200,0.250501,0.149726550192074,NaN,0.150850217445446,0.168752038605866,0
45,traingdx,200,0.254014,0.139942066040009,NaN,0.113232583056304,0.137633784414159,0
45,traingdx,200,0.253249,0.153567657018532,NaN,0.174027008744305,0.193159686406281,0
45,traingdx,200,0.241407,0.15457849179893,NaN,0.172140435948299,0.205666772524324,0
45,trainlm,200,0.960062,6.70417417646538e-06,NaN,7.26133353436672e-06,0.0110140366826791,0
45,trainlm,200,1.017051,2.08184294770489e-07,NaN,1.29046309045587e-07,0.0109628478290272,0
45,trainlm,200,0.977973,1.9416012907326e-07,NaN,1.1521423751725e-07,0.0109602165860726,0
45,trainlm,200,1.05731,3.80965990804413e-06,NaN,4.70625678834523e-06,0.0109883567664768,0
45,trainlm,200,1.066508,1.5136894675894e-05,NaN,6.05273628139014e-07,0.0109714042595331,0
45,trainlm,200,1.054779,3.97752988200716e-06,NaN,3.95236289558375e-06,0.0109508601940883,0
45,trainlm,200,1.016057,0.000100192852275278,NaN,8.88053465877771e-05,0.0111880427645589,0
45,trainlm,200,1.026867,6.21924200047921e-07,NaN,8.67312925327361e-07,0.0109691347242902,0
45,trainlm,200,0.995925,1.51230432600939e-05,NaN,5.95690877648344e-07,0.0109712000799447,0
45,trainlm,200,1.008139,1.52196845826863e-05,NaN,6.83085734812227e-07,0.0109702240249035,0
45,traincgf,200,1.077594,0.0228368835478821,NaN,0.0380065461161405,0.0612486358963056,0
45,traincgf,200,1.177984,0.023321674166412,NaN,0.0386033737923489,0.0601561938046264,0
45,traincgf,200,1.059002,0.0229693430527476,NaN,0.0379758381005474,0.0595369607404178,0
45,traincgf,200,1.067299,0.0242563541510387,NaN,0.0452329151314452,0.0630075428947018,0
45,traincgf,200,1.086264,0.0228419743405838,NaN,0.0378671432221363,0.0598541120877131,0
45,traincgf,200,1.13454,0.0228438087962612,NaN,0.0378478024278225,0.0600246186808563,0
45,traincgf,200,1.063045,0.0230105029689356,NaN,0.0378273865073124,0.0597442269091336,0
45,traincgf,200,1.089411,0.0224964021701656,NaN,0.0426429089687923,0.0600411864878921,0
45,traincgf,200,1.048371,0.0227492957414925,NaN,0.0429447953505546,0.0607544436535149,0
45,traincgf,200,1.089397,0.029574708338765,NaN,0.043239613022909,0.0607264330298982,0
45,trainbfg,200,1.376444,0.0226710640724362,NaN,0.0586852856931082,0.0698471721124297,0
45,trainbfg,200,1.432089,0.0221486245340656,NaN,0.0369309730587811,0.0592907486117313,0
45,trainbfg,200,1.411969,0.0221615762452565,NaN,0.0369820275886984,0.0594155197033219,0
45,trainbfg,200,1.462355,0.0221554665644723,NaN,0.0369889434801683,0.0590962275492481,0
45,trainbfg,200,1.466193,0.0218506252632302,NaN,0.0422834757382285,0.0595773325393009,0
45,trainbfg,200,1.457674,0.0222148385688944,NaN,0.0369711536640142,0.0588214826307423,0
45,trainbfg,200,1.435109,0.0218442991045217,NaN,0.0422747075292879,0.0597317735664762,0
45,trainbfg,200,1.426865,0.022202229069468,NaN,0.0369812964446152,0.0590509349842671,0
45,trainbfg,200,1.502841,0.0221596892657985,NaN,0.0369832679832435,0.0589093546948114,0
45,trainbfg,200,1.466299,0.0221439034584433,NaN,0.0370247609333118,0.0592361836705613,0
45,trainbr,200,1.1038,0.000216094098130643,NaN,0.000189280455488799,0.0113584136813911,0
45,trainbr,200,1.220293,1.57553307984537e-06,NaN,1.95505200212911e-06,0.0109557772797418,0
45,trainbr,200,1.121352,1.72719763860301e-05,NaN,1.8640507756297e-05,0.0111485119742937,0
45,trainbr,200,1.06457,2.2307673953564e-07,NaN,1.37605841164609e-07,0.0109573392657983,0
45,trainbr,200,1.106476,2.83347572377867e-06,NaN,2.6887101329387e-06,0.0110291926616505,0
45,trainbr,200,1.142035,1.50637939962915e-05,NaN,4.88756352555557e-07,0.0109618269399774,0
45,trainbr,200,1.212569,1.03984758726948e-06,NaN,1.42363637574321e-06,0.0109652208690539,0
45,trainbr,200,1.111421,0.000174179146720293,NaN,0.000161623058226072,0.0115339924767125,0
45,trainbr,200,1.057112,1.50709998821681e-05,NaN,4.93252697256388e-07,0.0109625079265604,0
45,trainbr,200,1.100826,0.000450746055646429,NaN,0.000439872761595399,0.0115596774371499,0
55,traingd,200,0.293685,0.542296338695945,NaN,0.461122089576058,0.505190072580848,0
55,traingd,200,0.278863,0.552160890596332,NaN,0.564037431755773,0.575079039426723,0
55,traingd,200,0.278237,0.612985202935551,NaN,0.462029869874,0.500015991540533,0
55,traingd,200,0.283848,0.568997725332566,NaN,0.522963562553121,0.535811952072562,0
55,traingd,200,0.292998,0.58055025092742,NaN,0.488598913837979,0.524352415938371,0
55,traingd,200,0.298785,0.72117349030988,NaN,0.583913240681067,0.598433516900323,0
55,traingd,200,0.281728,0.731876429963887,NaN,0.671857944580308,0.670304730795623,0
55,traingd,200,0.288146,0.630003683169228,NaN,0.623196112452545,0.599747338420961,0
55,traingd,200,0.280185,0.712194349377239,NaN,0.595350394113177,0.604697173857792,0
55,traingd,200,0.292448,0.449499376889823,NaN,0.494206378585672,0.516866302280493,0
55,traingdx,200,0.293662,0.124391381924534,NaN,0.135309077733555,0.148447973743651,0
55,traingdx,200,0.29419,0.129243531918576,NaN,0.0964904950740697,0.112494396785642,0
55,traingdx,200,0.280685,0.169159029127864,NaN,0.134730052924839,0.144912314979281,0
55,traingdx,200,0.283889,0.181285268823049,NaN,0.130090729793213,0.142300620490213,0
55,traingdx,200,0.282859,0.12647715846505,NaN,0.116224157176841,0.127888310902459,0
55,traingdx,200,0.282072,0.137059621153759,NaN,0.139391648006966,0.152718611521535,0
55,traingdx,200,0.282615,0.123591927107191,NaN,0.134759896709519,0.153629419668981,0
55,traingdx,200,0.289685,0.173145865472627,NaN,0.160990855227851,0.174239444234014,0
55,traingdx,200,0.285133,0.189474375642764,NaN,0.183662300455542,0.20933970443294,0
55,traingdx,200,0.314791,0.162770745727424,NaN,0.11360669726965,0.118312377443162,0
55,trainlm,200,1.196282,8.7679136441761e-08,NaN,4.21470477232924e-08,0.010961697269918,0
55,trainlm,200,1.243334,1.51433974008513e-07,NaN,1.01897427323591e-07,0.0109486331388261,0
55,trainlm,200,1.14209,1.54178861526217e-07,NaN,1.06036546957282e-07,0.0109491356246964,0
55,trainlm,200,1.190771,7.4260732555853e-08,NaN,2.10659744943496e-08,0.0109488653188519,0
55,trainlm,200,1.200509,1.59294406284007e-07,NaN,1.19958986324256e-07,0.0109475254070686,0
55,trainlm,200,1.097496,1.50599192301339e-07,NaN,1.00717009721934e-07,0.0109470246778533,0
55,trainlm,200,1.131812,1.27924404196384e-07,NaN,7.15747428024285e-08,0.0109550120236001,0
55,trainlm,200,1.225097,6.77225592016188e-08,NaN,1.64565463721707e-08,0.0109506548744977,0
55,trainlm,200,1.189627,1.42802690126495e-07,NaN,9.80160303633361e-08,0.0109506904964734,0
55,trainlm,200,1.318697,7.57408250988661e-08,NaN,2.24394510719075e-08,0.0109480186840311,0
55,traincgf,200,1.236218,0.00230802198489917,NaN,0.00271930683797572,0.0126089834711687,0
55,traincgf,200,1.267644,0.00225992177057338,NaN,0.00293061399639679,0.0127928544860166,0
55,traincgf,200,1.201962,0.0025085511754641,NaN,0.00298485816507118,0.0132561670254189,0
55,traincgf,200,1.316844,0.00206564625910643,NaN,0.00258638831694004,0.0133434928270218,0
55,traincgf,200,1.21488,0.00228598463873352,NaN,0.00301420805617774,0.0135499624247132,0
55,traincgf,200,1.21563,0.00272511875618005,NaN,0.00349680985165241,0.0152392129851105,0
55,traincgf,200,1.167148,0.002402599131067,NaN,0.00335653741786982,0.0148468884654682,0
55,traincgf,200,1.218852,0.00895670521786707,NaN,0.00302716296035436,0.0126328905575768,0
55,traincgf,200,1.224781,0.00237179036361101,NaN,0.00318179299261659,0.0135806364980766,0
55,traincgf,200,1.179587,0.00256374307221297,NaN,0.00356583773026505,0.0144465861287295,0
55,trainbfg,200,1.773617,0.00100553870020748,NaN,0.000870728916636894,0.0138437609881249,0
55,trainbfg,200,1.825547,0.000995757929886706,NaN,0.000626087970806287,0.0125303016855436,0
55,trainbfg,200,1.865251,0.00112141725823327,NaN,0.000766349126032031,0.0130017282516972,0
55,trainbfg,200,1.824498,0.00111976877224261,NaN,0.000584061128112489,0.0121605168930248,0
55,trainbfg,200,1.82614,0.000969390751497293,NaN,0.00082688458321081,0.0135288951015373,0
55,trainbfg,200,1.832126,0.00101680805635617,NaN,0.000865179779012174,0.0135310595986385,0
55,trainbfg,200,1.744866,0.00111437081725718,NaN,0.000643329958027465,0.0124255968065527,0
55,trainbfg,200,1.77536,0.00109232940364313,NaN,0.000597674065028829,0.0128427504866876,0
55,trainbfg,200,1.76923,0.00242516424579752,NaN,0.0023041672742391,0.0144726665264387,0
55,trainbfg,200,1.760407,0.00112085319929616,NaN,0.000750008465020763,0.0128982532828696,0
55,trainbr,200,1.414877,5.99469835697619e-08,NaN,4.37971773135099e-09,0.0109451035117041,0
55,trainbr,200,1.259057,5.25917841759665e-08,NaN,3.8946669216653e-09,0.0109450814637358,0
55,trainbr,200,1.451476,5.95533503902304e-08,NaN,4.43969963565007e-09,0.0109456483186343,0
55,trainbr,200,1.403507,6.00956742704976e-08,NaN,4.478836220873e-09,0.0109449471484699,0
55,trainbr,200,1.37408,5.96260385302667e-08,NaN,4.51688434702818e-09,0.0109455293012275,0
55,trainbr,200,1.309951,4.67279221179776e-06,NaN,4.70016742542135e-06,0.010886911296075,0
55,trainbr,200,1.446359,6.15489736990899e-08,NaN,5.98019181469347e-09,0.0109441975951237,0
55,trainbr,200,1.271277,6.0177995691691e-08,NaN,4.5330117900545e-09,0.0109449372329459,0
55,trainbr,200,1.265722,6.14005411833589e-08,NaN,5.89438054890423e-09,0.0109452118792127,0
55,trainbr,200,1.323842,6.30953542624227e-08,NaN,7.58447592818204e-09,0.0109456414605619,0
65,traingd,200,0.317927,0.650071826838058,NaN,0.521258113153503,0.536680786928743,0
65,traingd,200,0.316948,0.535683121591011,NaN,0.577416191591591,0.610316709142103,0
65,traingd,200,0.317004,0.709997508516227,NaN,0.62645044530197,0.65237394430222,0
65,traingd,200,0.311538,0.639392712934808,NaN,0.545630639724411,0.578473545692739,0
65,traingd,200,0.31366,0.714150142157353,NaN,0.688248571270236,0.704632873305543,0
65,traingd,200,0.319583,0.811049866256427,NaN,0.520852528966772,0.543680751635881,0
65,traingd,200,0.316404,0.756123126871695,NaN,0.671323070163087,0.70506479266287,0
65,traingd,200,0.314203,0.742497641211943,NaN,0.756590636562791,0.801306046873085,0
65,traingd,200,0.316098,0.754713300687264,NaN,0.770667984313076,0.762668797857307,0
65,traingd,200,0.321857,0.553359244235713,NaN,0.482302821008168,0.485204338786412,0
65,traingdx,200,0.318487,0.122919456738889,NaN,0.12473492338731,0.148103787733096,0
65,traingdx,200,0.317105,0.124070548838993,NaN,0.104969868203401,0.128072704808066,0
65,traingdx,200,0.31881,0.211711020691083,NaN,0.195631800046806,0.196569778093056,0
65,traingdx,200,0.320516,0.111602116381072,NaN,0.0991574128747645,0.108928018656753,0
65,traingdx,200,0.320513,0.126152002475858,NaN,0.106704486395413,0.124942473709727,0
65,traingdx,200,0.323785,0.156140182916209,NaN,0.155640180422269,0.177373904322965,0
65,traingdx,200,0.318126,0.142155505504142,NaN,0.109222494706175,0.121428014207379,0
65,traingdx,200,0.319056,0.215025002685139,NaN,0.161356858032837,0.186036621527236,0
65,traingdx,200,0.324868,0.137569762022843,NaN,0.129630854577205,0.126550929327816,0
65,traingdx,200,0.317236,0.158214463249662,NaN,0.145247570636597,0.149595396114711,0
65,trainlm,200,1.247339,4.71813822148382e-08,NaN,1.02428460325831e-08,0.01094742039754,0
65,trainlm,200,1.414583,2.77633867671269e-08,NaN,1.1669698844288e-08,0.0109505604483156,0
65,trainlm,200,1.313135,4.61527457017901e-08,NaN,1.00925178790672e-08,0.0109476410049651,0
65,trainlm,200,1.215181,2.69402868716167e-08,NaN,1.03105079530433e-08,0.0109481312132176,0
65,trainlm,200,1.269256,2.77662725098054e-08,NaN,1.22157831032898e-08,0.0109485660243486,0
65,trainlm,200,1.28314,2.51679674162203e-08,NaN,1.07664507932956e-08,0.0109506581755573,0
65,trainlm,200,1.385315,2.98405683192689e-08,NaN,1.31109185751276e-08,0.0109499423956587,0
65,trainlm,200,1.242515,4.83033423035032e-08,NaN,1.13616740975557e-08,0.0109481922110784,0
65,trainlm,200,1.406231,4.6592962323308e-08,NaN,9.68792157623701e-09,0.0109452319018076,0
65,trainlm,200,1.333293,4.67758320656681e-08,NaN,1.11442564111211e-08,0.010950697509837,0
65,traincgf,200,1.439268,0.00379735849496731,NaN,0.00287306777963386,0.0157220924766468,0
65,traincgf,200,1.385144,0.00311220467507974,NaN,0.00328212889688928,0.0156683104565963,0
65,traincgf,200,1.398633,0.0032078842680758,NaN,0.00339380997780572,0.0173033645400347,0
65,traincgf,200,1.351458,0.00376697846687054,NaN,0.00381128166868878,0.016137712418549,0
65,traincgf,200,1.405043,0.00341221492695947,NaN,0.00378953140593394,0.0170973052214705,0
65,traincgf,200,1.418079,0.00295499304551741,NaN,0.00321389299302124,0.0160627153712786,0
65,traincgf,200,1.400715,0.00287239371109584,NaN,0.00256762694865269,0.0135910932654667,0
65,traincgf,200,1.336222,0.00358795274908147,NaN,0.00361796064471802,0.0163005799643833,0
65,traincgf,200,1.383236,0.00301256158398716,NaN,0.00312421683196357,0.0160162671907616,0
65,traincgf,200,1.369174,0.00313420127543707,NaN,0.00318927060374405,0.0156792245316978,0
65,trainbfg,200,2.041864,0.00135169993874561,NaN,0.000963914372647997,0.013288946114716,0
65,trainbfg,200,2.048725,0.00130968261292784,NaN,0.00159724822591958,0.0150729773466817,0
65,trainbfg,200,2.025061,0.00128304151216435,NaN,0.00136338335356466,0.0145102749959488,0
65,trainbfg,200,2.141724,0.00126833805678563,NaN,0.0015957777488739,0.0148847153450499,0
65,trainbfg,200,2.04,0.00132043642918556,NaN,0.00146264008211165,0.0147155136590673,0
65,trainbfg,200,2.20603,0.00134582989941485,NaN,0.00131628057942674,0.0144470411011923,0
65,trainbfg,200,2.071328,0.00138666133329857,NaN,0.000887381548534786,0.0122294541366281,0
65,trainbfg,200,2.054943,0.00142502673937947,NaN,0.000842921705078943,0.0130529131608749,0
65,trainbfg,200,2.110238,0.00128365268430043,NaN,0.00154783509521557,0.0146093912708593,0
65,trainbfg,200,2.073553,0.00142288266691726,NaN,0.00087790530647382,0.0127613505075552,0
65,trainbr,200,1.485431,1.7361720379923e-08,NaN,1.39391294159924e-09,0.0109469302762928,0
65,trainbr,200,1.554827,1.78048773672073e-08,NaN,1.3850894493914e-09,0.0109454937834569,0
65,trainbr,200,1.514486,3.42924803564248e-09,NaN,1.97516012703024e-09,0.0109475353171763,0
65,trainbr,200,1.664534,3.88205615846834e-09,NaN,2.32146981543592e-09,0.0109468878393117,0
65,trainbr,200,1.680645,5.56680899335583e-09,NaN,3.7361054596031e-09,0.0109481938032285,0
65,trainbr,200,1.600097,3.87200037556037e-08,NaN,1.42015335073534e-09,0.0109462586048075,0
65,trainbr,200,1.722794,3.91254603849293e-08,NaN,1.69670856392719e-09,0.0109446877072324,0
65,trainbr,200,1.513301,1.87153429364067e-08,NaN,2.34421981549503e-09,0.0109441847928074,0
65,trainbr,200,1.511864,4.17797781517851e-08,NaN,4.47758485508476e-09,0.010944213715713,0
65,trainbr,200,1.539617,5.10940623235912e-08,NaN,2.42813573755897e-09,0.0109434932446868,0
75,traingd,200,0.352137,1.02297350124989,NaN,0.86326506251764,0.850713631345498,0
75,traingd,200,0.348753,0.803753854426335,NaN,0.779827261719923,0.826501662985484,0
75,traingd,200,0.364881,0.605930718661575,NaN,0.533618390022327,0.542380315706862,0
75,traingd,200,0.347812,0.660466129627959,NaN,0.45531192807626,0.469271312571926,0
75,traingd,200,0.351445,0.63124542833548,NaN,0.480952183042304,0.499178658523211,0
75,traingd,200,0.348868,0.685594486912588,NaN,0.765070295974189,0.797106224949462,0
75,traingd,200,0.34986,0.621916408994382,NaN,0.337473141120023,0.389371089503923,0
75,traingd,200,0.372306,0.828627878926297,NaN,0.851458654067427,0.87529673639329,0
75,traingd,200,0.350574,0.447472572862287,NaN,0.392844469568982,0.417637917302625,0
75,traingd,200,0.346413,0.704718489312105,NaN,0.670904063853157,0.708296636580261,0
75,traingdx,200,0.357013,0.144418161857723,NaN,0.103043462306121,0.111710734366698,0
75,traingdx,200,0.362874,0.141267532695006,NaN,0.150926107331872,0.166657859971681,0
75,traingdx,200,0.360094,0.107186911101236,NaN,0.0870745396906318,0.0978581812792518,0
75,traingdx,200,0.355854,0.112484359725874,NaN,0.103610443676006,0.119391430126225,0
75,traingdx,200,0.353178,0.179496133899822,NaN,0.161923018030695,0.180412732129224,0
75,traingdx,200,0.3521,0.150278387109568,NaN,0.13380893030983,0.14429289070248,0
75,traingdx,200,0.358969,0.180226874968394,NaN,0.157713680642434,0.180234714880732,0
75,traingdx,200,0.359789,0.148237327835117,NaN,0.11698398344529,0.134607844224785,0
75,traingdx,200,0.354349,0.178135617493245,NaN,0.165822055932453,0.170218065407987,0
75,traingdx,200,0.355438,0.187503381882274,NaN,0.135044959729809,0.148188954863537,0
75,trainlm,200,1.522245,1.31621302124583e-08,NaN,1.18624118815533e-08,0.0109412612906542,0
75,trainlm,200,1.532532,2.61377255320758e-08,NaN,1.0844911439534e-08,0.0109434266524653,0
75,trainlm,200,1.506244,1.37478540518086e-08,NaN,1.16790954362498e-08,0.0109430352933042,0
75,trainlm,200,1.441049,1.37424305615603e-08,NaN,9.4789031141868e-09,0.0109444235634444,0
75,trainlm,200,1.445285,2.79840431150302e-08,NaN,1.43911694542026e-08,0.0109434361432846,0
75,trainlm,200,1.394916,1.27464603210726e-08,NaN,8.9402717022607e-09,0.0109424986642513,0
75,trainlm,200,1.562076,2.77273583362005e-08,NaN,1.27088886379454e-08,0.01093920700803,0
75,trainlm,200,1.655925,1.26898832480667e-08,NaN,9.50171119286453e-09,0.0109443861314467,0
75,trainlm,200,1.612096,2.6734888327184e-08,NaN,1.18740289719005e-08,0.010939921398296,0
75,trainlm,200,1.551863,1.38365556276703e-08,NaN,1.38641721153853e-08,0.0109427991868289,0
75,traincgf,200,1.609591,0.00404056807769756,NaN,0.00358929212702985,0.0178759228972444,0
75,traincgf,200,1.654216,0.00302278500422522,NaN,0.00284562400594087,0.016770916376433,0
75,traincgf,200,1.573453,0.00315687977413191,NaN,0.00300302779495369,0.0162523635606866,0
75,traincgf,200,1.609848,0.00315015742213964,NaN,0.00273864907367562,0.017265131130645,0
75,traincgf,200,1.532819,0.0029752427255376,NaN,0.00266209053302305,0.0167193195937618,0
75,traincgf,200,1.588496,0.00311485463895554,NaN,0.00270916497015644,0.0165081238102005,0
75,traincgf,200,1.593667,0.00315738809233308,NaN,0.00320289619150893,0.0175324382657821,0
75,traincgf,200,1.682164,0.00286769050306714,NaN,0.00283864441871866,0.0160891345784979,0
75,traincgf,200,1.575232,0.00307865638242586,NaN,0.00278031127581577,0.0175916269125864,0
75,traincgf,200,1.569578,0.0030478797299275,NaN,0.00298388708413938,0.0173995179295776,0
75,trainbfg,200,2.43077,0.00112764901151164,NaN,0.00113508007053377,0.0132762581332885,0
75,trainbfg,200,2.40273,0.00133717748229054,NaN,0.0011595954031111,0.0132340495210376,0
75,trainbfg,200,2.380551,0.00121783512384356,NaN,0.00110658954974833,0.0127322882083575,0
75,trainbfg,200,2.45254,0.00124564950267957,NaN,0.00111046547964955,0.0129148208563315,0
75,trainbfg,200,2.366844,0.00119801190274556,NaN,0.000878927074388459,0.0126017782498633,0
75,trainbfg,200,2.417282,0.00138110472774776,NaN,0.00127841609569552,0.012613422879152,0
75,trainbfg,200,2.511508,0.00154854705056469,NaN,0.00171389082939318,0.0148266226764483,0
75,trainbfg,200,2.561186,0.00133378554932798,NaN,0.0011075814140062,0.0122984421263995,0
75,trainbfg,200,2.86778,0.00116213794158869,NaN,0.00107159912263617,0.012650681366343,0
75,trainbfg,200,2.58785,0.00113645785413436,NaN,0.000830799215883018,0.0127476108450153,0
75,trainbr,200,2.000493,1.66930048796801e-08,NaN,2.3106880912172e-09,0.0109445096700481,0
75,trainbr,200,1.885275,1.63302468180343e-08,NaN,2.04959678117481e-09,0.010944779964122,0
75,trainbr,200,1.981564,1.74854965426672e-08,NaN,2.61175189876831e-09,0.0109472442577074,0
75,trainbr,200,2.066276,1.53720970897253e-08,NaN,1.24169808124606e-09,0.0109450194710257,0
75,trainbr,200,2.035635,1.52331423289455e-08,NaN,1.10720358801961e-09,0.0109450531704231,0
75,trainbr,200,2.08827,1.61648739216584e-08,NaN,1.08068984418106e-09,0.0109459994900757,0
75,trainbr,200,2.278518,1.72481906385475e-08,NaN,2.15933057882825e-09,0.0109455111316691,0
75,trainbr,200,2.443924,1.71765170555642e-08,NaN,2.1938421078546e-09,0.010946769034733,0
75,trainbr,200,1.840514,1.91034711780046e-08,NaN,4.77438240733137e-09,0.0109440834548232,0
75,trainbr,200,1.859852,1.74364965681408e-09,NaN,9.73546961652755e-10,0.0109451524831486,0
85,traingd,200,0.389628,0.701805266479959,NaN,0.621325313945158,0.647351218505233,0
85,traingd,200,0.380559,0.662996014187942,NaN,0.714390638501455,0.756880426378606,0
85,traingd,200,0.356305,0.731866586546356,NaN,0.622295168639363,0.63325105951942,0
85,traingd,200,0.362379,0.791214238185329,NaN,0.772956029039537,0.794115805783795,0
85,traingd,200,0.406238,0.766180484943362,NaN,0.729405791635367,0.761136894001321,0
85,traingd,200,0.384934,0.684014726427623,NaN,0.581880009990339,0.594931343903086,0
85,traingd,200,0.384423,0.764810828617515,NaN,0.753589009039736,0.80050094631279,0
85,traingd,200,0.403433,0.614861249844389,NaN,0.486584311872682,0.508450776970937,0
85,traingd,200,0.386147,0.701306100959348,NaN,0.534992521919013,0.511247170879943,0
85,traingd,200,0.383085,1.05863191613529,NaN,0.879503747895053,0.912064845640862,0
85,traingdx,200,0.392472,0.166674312792178,NaN,0.164916702581333,0.174180135529436,0
85,traingdx,200,0.368976,0.167842496116437,NaN,0.123584815434027,0.143754596069514,0
85,traingdx,200,0.435484,0.142485095845742,NaN,0.120729582738041,0.119279893405708,0
85,traingdx,200,0.384909,0.168881116962909,NaN,0.159355582112647,0.173895889599721,0
85,traingdx,200,0.376823,0.138817130809169,NaN,0.127817613794376,0.155107065640932,0
85,traingdx,200,0.349403,0.091066791762674,NaN,0.0893362615904756,0.106828262108717,0
85,traingdx,200,0.395214,0.178940151137595,NaN,0.174121916689672,0.19284322221852,0
85,traingdx,200,0.383693,0.112311137260022,NaN,0.0973090512866538,0.107129863981045,0
85,traingdx,200,0.387164,0.220343832723728,NaN,0.244623280012509,0.279423686663603,0
85,traingdx,200,0.389229,0.166383699068706,NaN,0.148568123108716,0.158495947198641,0
85,trainlm,200,1.705638,2.30447706073329e-08,NaN,2.33117522906241e-08,0.0109466597029531,0
85,trainlm,200,1.644209,4.27939983355089e-08,NaN,2.96174075222092e-08,0.0109452034496784,0
85,trainlm,200,1.659763,4.08214894470714e-08,NaN,2.60531879300766e-08,0.0109485351277739,0
85,trainlm,200,1.561151,2.46038071077081e-08,NaN,2.42945485689451e-08,0.0109498328938761,0
85,trainlm,200,1.572042,4.4551349708661e-08,NaN,2.67706396607816e-08,0.0109449456139962,0
85,trainlm,200,1.601206,2.46849560286782e-08,NaN,2.46922287928776e-08,0.0109486807775894,0
85,trainlm,200,1.715716,1.07220110498687e-07,NaN,8.75790989528975e-08,0.0109367457456692,0
85,trainlm,200,1.740246,2.52817368761689e-08,NaN,2.66195177439596e-08,0.0109489201680866,0
85,trainlm,200,1.544563,2.15446609661203e-08,NaN,2.33241408676208e-08,0.0109473265410783,0
85,trainlm,200,1.612073,3.87907498377151e-08,NaN,2.6805055192333e-08,0.010949292347865,0
85,traincgf,200,1.827326,0.00320986362820236,NaN,0.00273581568212176,0.0148331175365204,0
85,traincgf,200,1.661475,0.00310450545554533,NaN,0.00273659276594939,0.0152577399336664,0
85,traincgf,200,1.706272,0.00372323657496143,NaN,0.00247036816540373,0.013273271534511,0
85,traincgf,200,1.76915,0.00290614367881147,NaN,0.00221398808755472,0.0149045800567945,0
85,traincgf,200,1.791871,0.00302973386513809,NaN,0.00200620164226677,0.0130568309018896,0
85,traincgf,200,1.61599,0.00380148422417251,NaN,0.00266360762464762,0.0135225589581917,0
85,traincgf,200,1.902803,0.00313855399910371,NaN,0.00248490956631596,0.0146128940538441,0
85,traincgf,200,1.660001,0.00314097022366117,NaN,0.00254600982691116,0.0140281090171857,0
85,traincgf,200,1.761175,0.00320330574738742,NaN,0.00242865334853597,0.0140908045543846,0
85,traincgf,200,1.716838,0.00363292690904381,NaN,0.00328210896925343,0.0155223358023965,0
85,trainbfg,200,2.854923,0.00108056572339153,NaN,0.00154690913872574,0.0120318537958293,0
85,trainbfg,200,2.749916,0.00132220963774489,NaN,0.00143114679368857,0.0124714420292899,0
85,trainbfg,200,2.854007,0.00129188581027133,NaN,0.00129695175221038,0.0122248131566726,0
85,trainbfg,200,2.838829,0.00113706242149972,NaN,0.000910009199393185,0.0114182579940485,0
85,trainbfg,200,2.804165,0.00102179414704541,NaN,0.000691234577503763,0.0113886275750886,0
85,trainbfg,200,2.886606,0.00114925045375316,NaN,0.00145862274362119,0.0123747278250825,0
85,trainbfg,200,2.841188,0.00119854712317528,NaN,0.00125823394240411,0.0115475005942517,0
85,trainbfg,200,2.814395,0.00126534333039407,NaN,0.00119382327715605,0.0118427165190705,0
85,trainbfg,200,2.816162,0.00116092054925227,NaN,0.000929487351316601,0.0117908252470843,0
85,trainbfg,200,2.731869,0.00106588156081515,NaN,0.00146649751093454,0.0119420154207476,0
85,trainbr,200,2.237566,3.07925083062002e-09,NaN,1.93581065437562e-09,0.0109459101926833,0
85,trainbr,200,2.107296,8.35590351287102e-10,NaN,2.28276684980726e-10,0.0109462194508138,0
85,trainbr,200,2.163978,2.17520639061065e-09,NaN,1.81343148346272e-09,0.0109459987613034,0
85,trainbr,200,2.074886,2.06269782178778e-09,NaN,1.97641740781279e-09,0.010946469783625,0
85,trainbr,200,2.164476,1.42756373137094e-09,NaN,8.68130958378114e-10,0.0109446108151806,0
85,trainbr,200,2.146378,1.19180576822779e-08,NaN,3.9651150289979e-10,0.0109460450515784,0
85,trainbr,200,2.301269,3.78060982739175e-08,NaN,1.40592952838062e-09,0.0109462310263459,0
85,trainbr,200,2.309597,1.78379668336368e-09,NaN,1.1601473140534e-09,0.0109454189926678,0
85,trainbr,200,2.155696,1.24481557228331e-09,NaN,6.96626924214445e-10,0.0109471232571105,0
85,trainbr,200,2.079255,7.22748985927241e-10,NaN,1.53168714314722e-10,0.0109461862010369,0
95,traingd,200,0.417108,0.694225442963225,NaN,0.847722750590923,0.875628926413396,0
95,traingd,200,0.415075,0.592444354994034,NaN,0.538789245944285,0.543936632379664,0
95,traingd,200,0.412886,0.662973168490029,NaN,0.765635519426673,0.789028822341677,0
95,traingd,200,0.419938,0.799741797281538,NaN,0.737235296806848,0.75292524421985,0
95,traingd,200,0.415658,0.728773662918447,NaN,0.710578927103739,0.76063146622859,0
95,traingd,200,0.414631,0.683487835822904,NaN,0.704053566084272,0.720070867087843,0
95,traingd,200,0.41797,0.932060444444311,NaN,0.792662267109484,0.863157359346729,0
95,traingd,200,0.412434,0.687998905475807,NaN,0.626288329520038,0.63464210271254,0
95,traingd,200,0.418194,0.72840054067006,NaN,0.529399426195644,0.559863000119483,0
95,traingd,200,0.425574,0.530638663471379,NaN,0.566053506934547,0.557285971642776,0
95,traingdx,200,0.445361,0.188794194464533,NaN,0.203203639184665,0.199917718588634,0
95,traingdx,200,0.418387,0.189161211322882,NaN,0.193009635750685,0.206655188288655,0
95,traingdx,200,0.426422,0.17593098097528,NaN,0.154939956418411,0.179398068816971,0
95,traingdx,200,0.450887,0.161880034183559,NaN,0.202740899218218,0.221504554611266,0
95,traingdx,200,0.42613,0.167379386484227,NaN,0.16243329208027,0.196461764007662,0
95,traingdx,200,0.416112,0.145529373376983,NaN,0.12305812253393,0.133630946885172,0
95,traingdx,200,0.421439,0.175262103642138,NaN,0.188363739941382,0.199885294195646,0
95,traingdx,200,0.422919,0.149700326546212,NaN,0.177741994104291,0.199981409510817,0
95,traingdx,200,0.418237,0.140824294115888,NaN,0.146554533003128,0.163036659058116,0
95,traingdx,200,0.411742,0.139092505993163,NaN,0.175651925659402,0.202042497657999,0
95,trainlm,200,1.809715,4.75357277558288e-08,NaN,4.89838245222548e-08,0.0109463873565744,0
95,trainlm,200,1.858125,4.26092562976242e-08,NaN,4.1064706889343e-08,0.0109425093378651,0
95,trainlm,200,1.714651,4.27703656477688e-08,NaN,4.35195446357741e-08,0.0109423513004516,0
95,trainlm,200,1.849837,4.2117047084642e-08,NaN,4.00413029563145e-08,0.0109425749162521,0
95,trainlm,200,1.745896,4.3922829387464e-08,NaN,4.41554224164558e-08,0.0109435182336341,0
95,trainlm,200,1.726631,4.31254607322857e-08,NaN,4.25562515519409e-08,0.0109408758845892,0
95,trainlm,200,1.889293,4.17365027424416e-08,NaN,4.08755770304686e-08,0.0109424192750252,0
95,trainlm,200,1.705426,4.34939988508429e-08,NaN,4.01835312370671e-08,0.0109442442477356,0
95,trainlm,200,1.731823,4.15018216789489e-08,NaN,4.11941528190412e-08,0.0109426604172084,0
95,trainlm,200,1.889947,4.22430672363812e-08,NaN,4.05636272040327e-08,0.0109408368341734,0
95,traincgf,200,1.848915,0.00316479949814961,NaN,0.00203288904619551,0.0138581232586326,0
95,traincgf,200,1.927473,0.00327623253935949,NaN,0.00224534258140042,0.0137210232362832,0
95,traincgf,200,1.902383,0.00300096305068749,NaN,0.00240483028634099,0.0141332294787621,0
95,traincgf,200,1.995743,0.00335472314111769,NaN,0.00296790456710703,0.0139256073619077,0
95,traincgf,200,1.950288,0.00309823199285075,NaN,0.00264935728508235,0.0152458505024086,0
95,traincgf,200,1.920208,0.00303281397972352,NaN,0.00288377271990544,0.014225612567433,0
95,traincgf,200,1.923327,0.00484095926996194,NaN,0.00366639060017647,0.0150990357340097,0
95,traincgf,200,1.882425,0.00288534143722197,NaN,0.00227739669585181,0.0131024806037485,0
95,traincgf,200,1.920005,0.00335538960140113,NaN,0.00351706263629142,0.0148204233082852,0
95,traincgf,200,1.973952,0.00308395406075809,NaN,0.00239542287476896,0.014013433777149,0
95,trainbfg,200,3.019811,0.000895484234445055,NaN,0.00068005733163327,0.0116745436601726,0
95,trainbfg,200,3.011024,0.00118252824019334,NaN,0.000799253784808317,0.0119191371104827,0
95,trainbfg,200,3.035393,0.000805751556753168,NaN,0.000653111906281053,0.0113601382907,0
95,trainbfg,200,3.170515,0.00086803208383609,NaN,0.000597972811111847,0.0109140097768594,0
95,trainbfg,200,3.071667,0.000824900488703193,NaN,0.000645982709985854,0.0108208133545913,0
95,trainbfg,200,3.109514,0.000911471002608253,NaN,0.000620811316508593,0.0114197520391818,0
95,trainbfg,200,3.157262,0.000958229474008995,NaN,0.000628253781013744,0.011674049517267,0
95,trainbfg,200,3.160317,0.00101586293991723,NaN,0.000750975705948037,0.0118984804145353,0
95,trainbfg,200,3.100007,0.00086030095648266,NaN,0.000490385211527178,0.0116067140963931,0
95,trainbfg,200,3.009872,0.000938461279197315,NaN,0.000641829116100164,0.0112479128422448,0
95,trainbr,200,2.330667,2.8331854370125e-09,NaN,2.28944517025872e-09,0.0109450973596279,0
95,trainbr,200,2.363063,2.54833200607854e-09,NaN,2.44003687557483e-09,0.0109443331991144,0
95,trainbr,200,2.467237,1.64132769275038e-09,NaN,1.11558900865268e-09,0.0109443503336332,0
95,trainbr,200,2.463444,4.27804331368563e-10,NaN,1.75906465236493e-10,0.0109451726442765,0
95,trainbr,200,2.529949,2.64474556449604e-09,NaN,2.37412639812053e-09,0.0109445579666026,0
95,trainbr,200,2.215777,2.20377053910738e-09,NaN,1.78217443900001e-09,0.0109442742943097,0
95,trainbr,200,2.277494,2.12413636505243e-09,NaN,1.91906005786987e-09,0.0109443278486207,0
95,trainbr,200,2.323344,1.13811150345056e-09,NaN,3.04548992437226e-10,0.0109455592357635,0
95,trainbr,200,2.243077,2.16533257661987e-09,NaN,2.0811282549579e-09,0.0109440206923228,0
95,trainbr,200,2.344863,7.28560057210105e-10,NaN,2.35049787752705e-10,0.0109451886734189,0
